country_province_or_state,deaths_jhu,deaths_ihme,month_jhu,day_jhu,month_ihme,day_ihme,uid,iso2,iso3,code3,pop_jhu
Iran,6988,NA,05,18,NA,NA,364,IR,IRN,364,83992953
Turkey,4140,5263.391,05,18,08,24,792,TR,TUR,792,84339067
Sweden,3679,5759.774,05,18,08,24,752,SE,SWE,752,10099270
United Kingdom,34716,43479.249,05,18,08,24,826,GB,GBR,826,67886004
Italy,31908,35137.386,05,18,08,24,380,IT,ITA,380,60461828
Spain,27563,29580.554,05,18,08,24,724,ES,ESP,724,46754783
Belgium,9052,10593.9,05,18,08,24,56,BE,BEL,56,11589616
France,28111,31154.649,05,18,08,24,250,FR,FRA,250,65273512
Germany,7962,9905.032,05,18,08,24,276,DE,DEU,276,83783945
Netherlands,5699,6982.182,05,18,08,24,528,NL,NLD,528,17134873
Switzerland,1881,1935.327,05,18,08,24,756,CH,CHE,756,8654618
Brazil,16118,88304.925,05,18,08,24,76,BR,BRA,76,212559409
Canada,5903,9944.542,05,18,08,24,124,CA,CAN,124,37855702
United States of America,89562,143357.04,05,18,08,24,840,US,USA,840,329466283
Afghanistan,169,NA,05,18,NA,NA,4,AF,AFG,4,38928341
Albania,31,NA,05,18,NA,NA,8,AL,ALB,8,2877800
Algeria,548,NA,05,18,NA,NA,12,DZ,DZA,12,43851043
Andorra,51,NA,05,18,NA,NA,20,AD,AND,20,77265
Angola,2,NA,05,18,NA,NA,24,AO,AGO,24,32866268
Antigua and Barbuda,3,NA,05,18,NA,NA,28,AG,ATG,28,97928
Argentina,373,680.202,05,18,08,24,32,AR,ARG,32,45195777
Armenia,60,NA,05,18,NA,NA,51,AM,ARM,51,2963234
Australia,99,NA,05,18,NA,NA,36,AU,AUS,36,25459700
Austria,629,645.75,05,18,08,24,40,AT,AUT,40,9006400
Azerbaijan,39,NA,05,18,NA,NA,31,AZ,AZE,31,10139175
Bahamas,11,NA,05,18,NA,NA,44,BS,BHS,44,393248
Bahrain,12,NA,05,18,NA,NA,48,BH,BHR,48,1701583
Bangladesh,328,NA,05,18,NA,NA,50,BD,BGD,50,164689383
Barbados,7,NA,05,18,NA,NA,52,BB,BRB,52,287371
Belarus,165,NA,05,18,NA,NA,112,BY,BLR,112,9449321
Belize,2,NA,05,18,NA,NA,84,BZ,BLZ,84,397621
Benin,2,NA,05,18,NA,NA,204,BJ,BEN,204,12123198
Bhutan,0,NA,05,18,NA,NA,64,BT,BTN,64,771612
Bolivia,169,NA,05,18,NA,NA,68,BO,BOL,68,11673029
Bosnia and Herzegovina,133,NA,05,18,NA,NA,70,BA,BIH,70,3280815
Botswana,1,NA,05,18,NA,NA,72,BW,BWA,72,2351625
Brunei,1,NA,05,18,NA,NA,96,BN,BRN,96,437483
Bulgaria,108,197.089,05,18,08,24,100,BG,BGR,100,6948445
Burkina Faso,51,NA,05,18,NA,NA,854,BF,BFA,854,20903278
Burma,6,NA,05,18,NA,NA,104,MM,MMR,104,54409794
Burundi,1,NA,05,18,NA,NA,108,BI,BDI,108,11890781
Cabo Verde,3,NA,05,18,NA,NA,132,CV,CPV,132,555988
Cambodia,0,NA,05,18,NA,NA,116,KH,KHM,116,16718971
Cameroon,140,NA,05,18,NA,NA,120,CM,CMR,120,26545864
Central African Republic,0,NA,05,18,NA,NA,140,CF,CAF,140,4829764
Chad,53,NA,05,18,NA,NA,148,TD,TCD,148,16425859
Chile,450,686.708,05,18,08,24,152,CL,CHL,152,19116209
China,4638,NA,05,18,NA,NA,156,CN,CHN,156,1404676330
Colombia,574,2157.254,05,18,08,24,170,CO,COL,170,50882884
Comoros,1,NA,05,18,NA,NA,174,KM,COM,174,869595
Congo (Brazzaville),15,NA,05,18,NA,NA,178,CG,COG,178,5518092
Congo (Kinshasa),61,NA,05,18,NA,NA,180,CD,COD,180,89561404
Costa Rica,10,NA,05,18,NA,NA,188,CR,CRI,188,5094114
Cote d'Ivoire,27,NA,05,18,NA,NA,384,CI,CIV,384,26378275
Croatia,95,130.537,05,18,08,24,191,HR,HRV,191,4105268
Cuba,79,NA,05,18,NA,NA,192,CU,CUB,192,11326616
Cyprus,17,10,05,18,08,24,196,CY,CYP,196,1207361
Czechia,298,396.773,05,18,08,24,203,CZ,CZE,203,10708982
Denmark,547,727.634,05,18,08,24,208,DK,DNK,208,5792203
Diamond Princess,13,NA,05,18,NA,NA,9999,NA,NA,NA,NA
Djibouti,4,NA,05,18,NA,NA,262,DJ,DJI,262,988002
Dominica,0,NA,05,18,NA,NA,212,DM,DMA,212,71991
Dominican Republic,428,881.064,05,18,08,24,214,DO,DOM,214,10847904
Ecuador,2736,5215.222,05,18,08,24,218,EC,ECU,218,17643060
Egypt,630,2047.312,05,18,08,24,818,EG,EGY,818,102334403
El Salvador,30,NA,05,18,NA,NA,222,SV,SLV,222,6486201
Equatorial Guinea,7,NA,05,18,NA,NA,226,GQ,GNQ,226,1402985
Eritrea,0,NA,05,18,NA,NA,232,ER,ERI,232,3546427
Estonia,63,64.474,05,18,08,24,233,EE,EST,233,1326539
Eswatini,2,NA,05,18,NA,NA,748,SZ,SWZ,748,1160164
Ethiopia,5,NA,05,18,NA,NA,231,ET,ETH,231,114963583
Fiji,0,NA,05,18,NA,NA,242,FJ,FJI,242,896444
Finland,298,409.663,05,18,08,24,246,FI,FIN,246,5540718
Gabon,11,NA,05,18,NA,NA,266,GA,GAB,266,2225728
Gambia,1,NA,05,18,NA,NA,270,GM,GMB,270,2416664
Georgia,12,2381.029,05,18,08,24,268,GE,GEO,268,3989175
Ghana,29,NA,05,18,NA,NA,288,GH,GHA,288,31072945
Greece,163,164.288,05,18,08,24,300,GR,GRC,300,10423056
Grenada,0,NA,05,18,NA,NA,308,GD,GRD,308,112519
Guatemala,33,NA,05,18,NA,NA,320,GT,GTM,320,17915567
Guinea,16,NA,05,18,NA,NA,324,GN,GIN,324,13132792
Guinea-Bissau,4,NA,05,18,NA,NA,624,GW,GNB,624,1967998
Guyana,10,NA,05,18,NA,NA,328,GY,GUY,328,786559
Haiti,20,NA,05,18,NA,NA,332,HT,HTI,332,11402533
Holy See,0,NA,05,18,NA,NA,336,VA,VAT,336,809
Honduras,142,NA,05,18,NA,NA,340,HN,HND,340,9904608
Hungary,451,716.727,05,18,08,24,348,HU,HUN,348,9660350
Iceland,10,33.315,05,18,08,24,352,IS,ISL,352,341250
India,3025,NA,05,18,NA,NA,356,IN,IND,356,1380004385
Indonesia,1148,NA,05,18,NA,NA,360,ID,IDN,360,273523621
Iraq,123,NA,05,18,NA,NA,368,IQ,IRQ,368,40222503
Ireland,1543,1736.29,05,18,08,24,372,IE,IRL,372,4937796
Israel,272,271.773,05,18,08,24,376,IL,ISR,376,8655541
Jamaica,9,NA,05,18,NA,NA,388,JM,JAM,388,2961161
Japan,744,NA,05,18,NA,NA,392,JP,JPN,392,126476458
Jordan,9,NA,05,18,NA,NA,400,JO,JOR,400,10203140
Kazakhstan,34,NA,05,18,NA,NA,398,KZ,KAZ,398,18776707
Kenya,50,NA,05,18,NA,NA,404,KE,KEN,404,53771300
"Korea, South",263,NA,05,18,NA,NA,410,KR,KOR,410,51269183
Kosovo,29,NA,05,18,NA,NA,383,XK,XKS,383,1810366
Kuwait,112,NA,05,18,NA,NA,414,KW,KWT,414,4270563
Kyrgyzstan,14,NA,05,18,NA,NA,417,KG,KGZ,417,6524191
Laos,0,NA,05,18,NA,NA,418,LA,LAO,418,7275556
Latvia,19,15.956,05,18,08,24,428,LV,LVA,428,1886202
Lebanon,26,NA,05,18,NA,NA,422,LB,LBN,422,6825442
Lesotho,0,NA,05,18,NA,NA,NA,NA,NA,NA,NA
Liberia,21,NA,05,18,NA,NA,430,LR,LBR,430,5057677
Libya,3,NA,05,18,NA,NA,434,LY,LBY,434,6871287
Liechtenstein,1,NA,05,18,NA,NA,438,LI,LIE,438,38137
Lithuania,56,54.414,05,18,08,24,440,LT,LTU,440,2722291
Luxembourg,107,114.437,05,18,08,24,442,LU,LUX,442,625976
Madagascar,1,NA,05,18,NA,NA,450,MG,MDG,450,27691019
Malawi,3,NA,05,18,NA,NA,454,MW,MWI,454,19129955
Malaysia,113,112.053,05,18,08,24,458,MY,MYS,458,32365998
Maldives,4,NA,05,18,NA,NA,462,MV,MDV,462,540542
Mali,52,NA,05,18,NA,NA,466,ML,MLI,466,20250834
Malta,6,NA,05,18,NA,NA,470,MT,MLT,470,441539
Mauritania,4,NA,05,18,NA,NA,478,MR,MRT,478,4649660
Mauritius,10,NA,05,18,NA,NA,480,MU,MUS,480,1271767
Mexico,5177,544.175,05,18,08,24,484,MX,MEX,484,128932753
Moldova,211,NA,05,18,NA,NA,498,MD,MDA,498,4033963
Monaco,4,NA,05,18,NA,NA,492,MC,MCO,492,39244
Mongolia,0,NA,05,18,NA,NA,496,MN,MNG,496,3278292
Montenegro,9,NA,05,18,NA,NA,499,ME,MNE,499,628062
Morocco,192,NA,05,18,NA,NA,504,MA,MAR,504,36910558
Mozambique,0,NA,05,18,NA,NA,508,MZ,MOZ,508,31255435
MS Zaandam,2,NA,05,18,NA,NA,8888,NA,NA,NA,NA
Namibia,0,NA,05,18,NA,NA,516,NA,NAM,516,2540916
Nepal,2,NA,05,18,NA,NA,524,NP,NPL,524,29136808
New Zealand,21,NA,05,18,NA,NA,554,NZ,NZL,554,4822233
Nicaragua,8,NA,05,18,NA,NA,558,NI,NIC,558,6624554
Niger,54,NA,05,18,NA,NA,562,NE,NER,562,24206636
Nigeria,182,NA,05,18,NA,NA,566,NG,NGA,566,206139587
North Macedonia,101,NA,05,18,NA,NA,807,MK,MKD,807,2083380
Norway,232,224.911,05,18,08,24,578,NO,NOR,578,5421242
Oman,22,NA,05,18,NA,NA,512,OM,OMN,512,5106622
Pakistan,873,NA,05,18,NA,NA,586,PK,PAK,586,220892331
Panama,275,661.421,05,18,08,24,591,PA,PAN,591,4314768
Papua New Guinea,0,NA,05,18,NA,NA,598,PG,PNG,598,8947027
Paraguay,11,NA,05,18,NA,NA,600,PY,PRY,600,7132530
Peru,2648,6427.578,05,18,08,24,604,PE,PER,604,32971846
Philippines,824,1734.798,05,18,08,24,608,PH,PHL,608,109581085
Poland,925,1989.881,05,18,08,24,616,PL,POL,616,37846605
Portugal,1218,1666.273,05,18,08,24,620,PT,PRT,620,10196707
Qatar,15,NA,05,18,NA,NA,634,QA,QAT,634,2881060
Romania,1107,5315.121,05,18,08,24,642,RO,ROU,642,19237682
Russia,2631,NA,05,18,NA,NA,643,RU,RUS,643,145934460
Rwanda,0,NA,05,18,NA,NA,646,RW,RWA,646,12952209
Saint Kitts and Nevis,0,NA,05,18,NA,NA,659,KN,KNA,659,53192
Saint Lucia,0,NA,05,18,NA,NA,662,LC,LCA,662,183629
Saint Vincent and the Grenadines,0,NA,05,18,NA,NA,670,VC,VCT,670,110947
San Marino,41,NA,05,18,NA,NA,674,SM,SMR,674,33938
Sao Tome and Principe,7,NA,05,18,NA,NA,678,ST,STP,678,219161
Saudi Arabia,312,NA,05,18,NA,NA,682,SA,SAU,682,34813867
Senegal,25,NA,05,18,NA,NA,686,SN,SEN,686,16743930
Serbia,230,NA,05,18,NA,NA,688,RS,SRB,688,8737370
Seychelles,0,NA,05,18,NA,NA,690,SC,SYC,690,98340
Sierra Leone,32,NA,05,18,NA,NA,694,SL,SLE,694,7976985
Singapore,22,NA,05,18,NA,NA,702,SG,SGP,702,5850343
Slovakia,28,24.12,05,18,08,24,703,SK,SVK,703,5459643
Slovenia,104,119.477,05,18,08,24,705,SI,SVN,705,2078932
Somalia,56,NA,05,18,NA,NA,706,SO,SOM,706,15893219
South Africa,264,NA,05,18,NA,NA,710,ZA,ZAF,710,59308690
South Sudan,4,NA,05,18,NA,NA,728,SS,SSD,728,11193729
Sri Lanka,9,NA,05,18,NA,NA,144,LK,LKA,144,21413250
Sudan,97,NA,05,18,NA,NA,729,SD,SDN,729,43849269
Suriname,1,NA,05,18,NA,NA,740,SR,SUR,740,586634
Syria,3,NA,05,18,NA,NA,760,SY,SYR,760,17500657
Taiwan*,7,NA,05,18,NA,NA,158,TW,TWN,158,23816775
Tajikistan,39,NA,05,18,NA,NA,762,TJ,TJK,762,9537642
Tanzania,21,NA,05,18,NA,NA,834,TZ,TZA,834,59734213
Thailand,56,NA,05,18,NA,NA,764,TH,THA,764,69799978
Timor-Leste,0,NA,05,18,NA,NA,626,TL,TLS,626,1318442
Togo,11,NA,05,18,NA,NA,768,TG,TGO,768,8278737
Trinidad and Tobago,8,NA,05,18,NA,NA,780,TT,TTO,780,1399491
Tunisia,45,NA,05,18,NA,NA,788,TN,TUN,788,11818618
Uganda,0,NA,05,18,NA,NA,800,UG,UGA,800,45741000
Ukraine,514,1269.407,05,18,08,24,804,UA,UKR,804,43733759
United Arab Emirates,220,NA,05,18,NA,NA,784,AE,ARE,784,9890400
Uruguay,20,NA,05,18,NA,NA,858,UY,URY,858,3473727
Uzbekistan,12,NA,05,18,NA,NA,860,UZ,UZB,860,33469199
Venezuela,10,NA,05,18,NA,NA,862,VE,VEN,862,28435943
Vietnam,0,NA,05,18,NA,NA,704,VN,VNM,704,97338583
West Bank and Gaza,2,NA,05,18,NA,NA,275,PS,PSE,275,5101416
Western Sahara,0,NA,05,18,NA,NA,732,EH,ESH,732,597330
Yemen,20,NA,05,18,NA,NA,887,YE,YEM,887,29825968
Zambia,7,NA,05,18,NA,NA,894,ZM,ZMB,894,18383956
Zimbabwe,4,NA,05,18,NA,NA,716,ZW,ZWE,716,14862927
