iso2,iso3,LocID,location_fin,location_jhu,loc_type_fin,location_ihme,loc_id,month_jhu,day_jhu,deaths_jhu,deaths_ihme,month_ihme,day_ihme,date_ihme_prod,country_region,geo_type_valid,population
NA,NA,NA,Australian Capital Territory,Australian Capital Territory,NA,NA,NA,10,23,3,NA,NA,NA,NA,Australia,province_state,NA
NA,NA,NA,New South Wales,New South Wales,NA,NA,NA,10,23,53,NA,NA,NA,NA,Australia,province_state,NA
NA,NA,NA,Northern Territory,Northern Territory,NA,NA,NA,10,23,0,NA,NA,NA,NA,Australia,province_state,NA
NA,NA,NA,Queensland,Queensland,NA,NA,NA,10,23,6,NA,NA,NA,NA,Australia,province_state,NA
NA,NA,NA,South Australia,South Australia,NA,NA,NA,10,23,4,NA,NA,NA,NA,Australia,province_state,NA
NA,NA,NA,Tasmania,Tasmania,NA,NA,NA,10,23,13,NA,NA,NA,NA,Australia,province_state,NA
NA,NA,NA,Victoria,Victoria,NA,NA,NA,10,23,817,NA,NA,NA,NA,Australia,province_state,NA
NA,NA,NA,Western Australia,Western Australia,NA,NA,NA,10,23,9,NA,NA,NA,NA,Australia,province_state,NA
NA,NA,BR12,Acre,Acre,Brazil,Acre,BR12,10,23,685,735.918086279426,01,01,2020_10_22,Brazil,province_state,NA
NA,NA,BR27,Alagoas,Alagoas,Brazil,Alagoas,BR27,10,23,2196,2397.31976712613,01,01,2020_10_22,Brazil,province_state,NA
NA,NA,BR16,Amapa,Amapa,Brazil,Amapa,BR16,10,23,738,794.499809733933,01,01,2020_10_22,Brazil,province_state,NA
NA,NA,BR13,Amazonas,Amazonas,Brazil,Amazonas,BR13,10,23,4396,5182.36488977205,01,01,2020_10_22,Brazil,province_state,NA
NA,NA,BR29,Bahia,Bahia,Brazil,Bahia,BR29,10,23,7407,8386.3641684877,01,01,2020_10_22,Brazil,province_state,NA
NA,NA,BR23,Ceara,Ceara,Brazil,Ceara,BR23,10,23,9243,9691.60507436115,01,01,2020_10_22,Brazil,province_state,NA
NA,NA,BR53,Distrito Federal,Distrito Federal,Brazil,Distrito Federal,BR53,10,23,3600,4147.01224509004,01,01,2020_10_22,Brazil,province_state,NA
NA,NA,BR32,Espirito Santo,Espirito Santo,Brazil,Espirito Santo,BR32,10,23,3759,4085.88881719312,01,01,2020_10_22,Brazil,province_state,NA
NA,NA,BR52,Goias,Goias,Brazil,Goias,BR52,10,23,5491,6485.79536787768,01,01,2020_10_22,Brazil,province_state,NA
NA,NA,BR21,Maranhao,Maranhao,Brazil,Maranhao,BR21,10,23,3968,4446.41490147043,01,01,2020_10_22,Brazil,province_state,NA
NA,NA,BR51,Mato Grosso,Mato Grosso,Brazil,Mato Grosso,BR51,10,23,3711,4101.48723233177,01,01,2020_10_22,Brazil,province_state,NA
NA,NA,BR50,Mato Grosso do Sul,Mato Grosso do Sul,Brazil,Mato Grosso do Sul,BR50,10,23,1524,1893.56003271336,01,01,2020_10_22,Brazil,province_state,NA
NA,NA,BR31,Minas Gerais,Minas Gerais,Brazil,Minas Gerais,BR31,10,23,8621,10945.1251361276,01,01,2020_10_22,Brazil,province_state,NA
NA,NA,BR15,Para,Para,Brazil,Para,BR15,10,23,6697,6895.11961743584,01,01,2020_10_22,Brazil,province_state,NA
NA,NA,BR25,Paraiba,Paraiba,Brazil,Paraiba,BR25,10,23,3029,3633.98464253222,01,01,2020_10_22,Brazil,province_state,NA
NA,NA,BR41,Parana,Parana,Brazil,Parana,BR41,10,23,5047,5530.72378668234,01,01,2020_10_22,Brazil,province_state,NA
NA,NA,BR26,Pernambuco,Pernambuco,Brazil,Pernambuco,BR26,10,23,8527,8561.83460875312,01,01,2020_10_22,Brazil,province_state,NA
NA,NA,BR22,Piaui,Piaui,Brazil,Piaui,BR22,10,23,2322,3083.83621601577,01,01,2020_10_22,Brazil,province_state,NA
NA,NA,BR33,Rio de Janeiro,Rio de Janeiro,Brazil,Rio de Janeiro,BR33,10,23,20021,23300.0582286379,01,01,2020_10_22,Brazil,province_state,NA
NA,NA,BR24,Rio Grande do Norte,Rio Grande do Norte,Brazil,Rio Grande do Norte,BR24,10,23,2558,2585.42984911893,01,01,2020_10_22,Brazil,province_state,NA
NA,NA,BR43,Rio Grande do Sul,Rio Grande do Sul,Brazil,Rio Grande do Sul,BR43,10,23,5518,6073.07257092568,01,01,2020_10_22,Brazil,province_state,NA
NA,NA,BR11,Rondonia,Rondonia,Brazil,Rondonia,BR11,10,23,1430,1593.25049811042,01,01,2020_10_22,Brazil,province_state,NA
NA,NA,BR14,Roraima,Roraima,Brazil,Roraima,BR14,10,23,690,701.571110217593,01,01,2020_10_22,Brazil,province_state,NA
NA,NA,BR42,Santa Catarina,Santa Catarina,Brazil,Santa Catarina,BR42,10,23,3011,3178.60939337792,01,01,2020_10_22,Brazil,province_state,NA
NA,NA,BR35,Sao Paulo,Sao Paulo,Brazil,Sao Paulo,BR35,10,23,38482,44748.830068427,01,01,2020_10_22,Brazil,province_state,NA
NA,NA,BR28,Sergipe,Sergipe,Brazil,Sergipe,BR28,10,23,2157,2547.99027363311,01,01,2020_10_22,Brazil,province_state,NA
NA,NA,BR17,Tocantins,Tocantins,Brazil,Tocantins,BR17,10,23,1072,1228.74236811317,01,01,2020_10_22,Brazil,province_state,NA
NA,NA,NA,Alberta,Alberta,Canada,Alberta,NA,10,23,296,1397.70685182332,01,01,2020_10_22,Canada,province_state,NA
NA,NA,NA,British Columbia,British Columbia,Canada,British Columbia,NA,10,23,256,346.606126993486,01,01,2020_10_22,Canada,province_state,NA
NA,NA,NA,Diamond Princess,Diamond Princess,NA,NA,NA,10,23,1,NA,NA,NA,NA,Canada,province_state,NA
NA,NA,NA,Grand Princess,Grand Princess,NA,NA,NA,10,23,0,NA,NA,NA,NA,Canada,province_state,NA
NA,NA,NA,Manitoba,Manitoba,NA,NA,NA,10,23,47,NA,NA,NA,NA,Canada,province_state,NA
NA,NA,NA,New Brunswick,New Brunswick,NA,NA,NA,10,23,4,NA,NA,NA,NA,Canada,province_state,NA
NA,NA,NA,Newfoundland and Labrador,Newfoundland and Labrador,NA,NA,NA,10,23,4,NA,NA,NA,NA,Canada,province_state,NA
NA,NA,NA,Northwest Territories,Northwest Territories,NA,NA,NA,10,23,0,NA,NA,NA,NA,Canada,province_state,NA
NA,NA,NA,Nova Scotia,Nova Scotia,NA,NA,NA,10,23,65,NA,NA,NA,NA,Canada,province_state,NA
NA,NA,NA,Ontario,Ontario,Canada,Ontario,NA,10,23,3124,5747.92557985963,01,01,2020_10_22,Canada,province_state,NA
NA,NA,NA,Prince Edward Island,Prince Edward Island,NA,NA,NA,10,23,0,NA,NA,NA,NA,Canada,province_state,NA
NA,NA,NA,Quebec,Quebec,Canada,Quebec,NA,10,23,6094,10643.6926711443,01,01,2020_10_22,Canada,province_state,NA
NA,NA,NA,Saskatchewan,Saskatchewan,NA,NA,NA,10,23,25,NA,NA,NA,NA,Canada,province_state,NA
NA,NA,NA,Yukon,Yukon,NA,NA,NA,10,23,0,NA,NA,NA,NA,Canada,province_state,NA
NA,NA,NA,Antofagasta,Antofagasta,NA,NA,NA,10,23,522,NA,NA,NA,NA,Chile,province_state,NA
NA,NA,NA,Araucania,Araucania,NA,NA,NA,10,23,138,NA,NA,NA,NA,Chile,province_state,NA
NA,NA,NA,Arica y Parinacota,Arica y Parinacota,NA,NA,NA,10,23,174,NA,NA,NA,NA,Chile,province_state,NA
NA,NA,NA,Atacama,Atacama,NA,NA,NA,10,23,83,NA,NA,NA,NA,Chile,province_state,NA
NA,NA,NA,Aysen,Aysen,NA,NA,NA,10,23,2,NA,NA,NA,NA,Chile,province_state,NA
NA,NA,NA,Biobio,Biobio,NA,NA,NA,10,23,432,NA,NA,NA,NA,Chile,province_state,NA
NA,NA,NA,Coquimbo,Coquimbo,NA,NA,NA,10,23,238,NA,NA,NA,NA,Chile,province_state,NA
NA,NA,NA,Los Lagos,Los Lagos,NA,NA,NA,10,23,116,NA,NA,NA,NA,Chile,province_state,NA
NA,NA,NA,Los Rios,Los Rios,NA,NA,NA,10,23,29,NA,NA,NA,NA,Chile,province_state,NA
NA,NA,NA,Magallanes,Magallanes,NA,NA,NA,10,23,119,NA,NA,NA,NA,Chile,province_state,NA
NA,NA,NA,Maule,Maule,NA,NA,NA,10,23,390,NA,NA,NA,NA,Chile,province_state,NA
NA,NA,NA,Metropolitana,Metropolitana,NA,NA,NA,10,23,9686,NA,NA,NA,NA,Chile,province_state,NA
NA,NA,NA,Nuble,Nuble,NA,NA,NA,10,23,140,NA,NA,NA,NA,Chile,province_state,NA
NA,NA,NA,OHiggins,OHiggins,NA,NA,NA,10,23,480,NA,NA,NA,NA,Chile,province_state,NA
NA,NA,NA,Tarapaca,Tarapaca,NA,NA,NA,10,23,240,NA,NA,NA,NA,Chile,province_state,NA
NA,NA,NA,Unknown,Unknown,NA,NA,NA,10,23,1,NA,NA,NA,NA,Chile,province_state,NA
NA,NA,NA,Valparaiso,Valparaiso,NA,NA,NA,10,23,1002,NA,NA,NA,NA,Chile,province_state,NA
NA,NA,CN12,Anhui,Anhui,China,NA,NA,10,23,6,NA,NA,NA,NA,China,province_state,NA
NA,NA,CN01,Beijing,Beijing,China,Beijing,CN01,10,23,9,13.4252445874066,01,01,2020_10_22,China,province_state,NA
NA,NA,CN22,Chongqing,Chongqing,China,Chongqing,CN22,10,23,6,8.93338604226319,01,01,2020_10_22,China,province_state,NA
NA,NA,CN13,Fujian,Fujian,China,NA,NA,10,23,1,NA,NA,NA,NA,China,province_state,NA
NA,NA,CN28,Gansu,Gansu,China,NA,NA,10,23,2,NA,NA,NA,NA,China,province_state,NA
NA,NA,CN19,Guangdong,Guangdong,China,Guangdong,CN19,10,23,8,14.1531716818792,01,01,2020_10_22,China,province_state,NA
NA,NA,CN20,Guangxi,Guangxi,China,NA,NA,10,23,2,NA,NA,NA,NA,China,province_state,NA
NA,NA,CN24,Guizhou,Guizhou,China,NA,NA,10,23,2,NA,NA,NA,NA,China,province_state,NA
NA,NA,CN21,Hainan,Hainan,China,Hainan,CN21,10,23,6,7.77871690027266,01,01,2020_10_22,China,province_state,NA
NA,NA,CN03,Hebei,Hebei,China,Hebei,CN03,10,23,6,8.14550567434498,01,01,2020_10_22,China,province_state,NA
NA,NA,CN08,Heilongjiang,Heilongjiang,China,Heilongjiang,CN08,10,23,13,14.5017749955852,01,01,2020_10_22,China,province_state,NA
NA,NA,CN16,Henan,Henan,China,NA,NA,10,23,22,NA,NA,NA,NA,China,province_state,NA
NA,NA,HKG,"China, Hong Kong SAR",Hong Kong,Cntry/Terr,NA,NA,10,23,105,NA,NA,NA,NA,China,province_state,NA
NA,NA,CN17,Hubei,Hubei,China,Hubei,CN17,10,23,4512,4668.10152166939,01,01,2020_10_22,China,province_state,NA
NA,NA,CN18,Hunan,Hunan,China,NA,NA,10,23,4,NA,NA,NA,NA,China,province_state,NA
NA,NA,CN05,Inner Mongolia,Inner Mongolia,China,NA,NA,10,23,1,NA,NA,NA,NA,China,province_state,NA
NA,NA,CN10,Jiangsu,Jiangsu,China,NA,NA,10,23,0,NA,NA,NA,NA,China,province_state,NA
NA,NA,CN14,Jiangxi,Jiangxi,China,NA,NA,10,23,1,NA,NA,NA,NA,China,province_state,NA
NA,NA,CN07,Jilin,Jilin,China,NA,NA,10,23,2,NA,NA,NA,NA,China,province_state,NA
NA,NA,CN06,Liaoning,Liaoning,China,NA,NA,10,23,2,NA,NA,NA,NA,China,province_state,NA
NA,NA,MAC,"China, Macao SAR",Macau,Cntry/Terr,NA,NA,10,23,0,NA,NA,NA,NA,China,province_state,NA
NA,NA,CN30,Ningxia,Ningxia,China,NA,NA,10,23,0,NA,NA,NA,NA,China,province_state,NA
NA,NA,CN29,Qinghai,Qinghai,China,NA,NA,10,23,0,NA,NA,NA,NA,China,province_state,NA
NA,NA,CN27,Shaanxi,Shaanxi,China,NA,NA,10,23,3,NA,NA,NA,NA,China,province_state,NA
NA,NA,CN15,Shandong,Shandong,China,Shandong,CN15,10,23,7,12.6981998279346,01,01,2020_10_22,China,province_state,NA
NA,NA,CN09,Shanghai,Shanghai,China,Shanghai,CN09,10,23,7,9.49025081622845,01,01,2020_10_22,China,province_state,NA
NA,NA,CN04,Shanxi,Shanxi,China,NA,NA,10,23,0,NA,NA,NA,NA,China,province_state,NA
NA,NA,CN23,Sichuan,Sichuan,China,NA,NA,10,23,3,NA,NA,NA,NA,China,province_state,NA
NA,NA,CN02,Tianjin,Tianjin,China,NA,NA,10,23,3,NA,NA,NA,NA,China,province_state,NA
NA,NA,CN26,Tibet (Xizang),Tibet,China,NA,NA,10,23,0,NA,NA,NA,NA,China,province_state,NA
NA,NA,CN31,Xinjiang,Xinjiang,China,NA,NA,10,23,3,NA,NA,NA,NA,China,province_state,NA
NA,NA,CN25,Yunnan,Yunnan,China,NA,NA,10,23,2,NA,NA,NA,NA,China,province_state,NA
NA,NA,CN11,Zhejiang,Zhejiang,China,NA,NA,10,23,1,NA,NA,NA,NA,China,province_state,NA
NA,NA,BR13,Amazonas,Amazonas,Brazil,Amazonas,BR13,10,23,117,5182.36488977205,01,01,2020_10_22,Colombia,province_state,NA
NA,NA,NA,Antioquia,Antioquia,NA,NA,NA,10,23,2940,NA,NA,NA,NA,Colombia,province_state,NA
NA,NA,NA,Arauca,Arauca,NA,NA,NA,10,23,83,NA,NA,NA,NA,Colombia,province_state,NA
NA,NA,NA,Atlantico,Atlantico,NA,NA,NA,10,23,3113,NA,NA,NA,NA,Colombia,province_state,NA
NA,NA,NA,Bolivar,Bolivar,NA,NA,NA,10,23,823,NA,NA,NA,NA,Colombia,province_state,NA
NA,NA,NA,Boyaca,Boyaca,NA,NA,NA,10,23,247,NA,NA,NA,NA,Colombia,province_state,NA
NA,NA,NA,Caldas,Caldas,NA,NA,NA,10,23,223,NA,NA,NA,NA,Colombia,province_state,NA
NA,NA,NA,Capital District,Capital District,NA,NA,NA,10,23,7404,NA,NA,NA,NA,Colombia,province_state,NA
NA,NA,NA,Caqueta,Caqueta,NA,NA,NA,10,23,374,NA,NA,NA,NA,Colombia,province_state,NA
NA,NA,NA,Casanare,Casanare,NA,NA,NA,10,23,72,NA,NA,NA,NA,Colombia,province_state,NA
NA,NA,NA,Cauca,Cauca,NA,NA,NA,10,23,343,NA,NA,NA,NA,Colombia,province_state,NA
NA,NA,NA,Cesar,Cesar,NA,NA,NA,10,23,756,NA,NA,NA,NA,Colombia,province_state,NA
NA,NA,NA,Choco,Choco,NA,NA,NA,10,23,160,NA,NA,NA,NA,Colombia,province_state,NA
NA,NA,NA,Cordoba,Cordoba,NA,NA,NA,10,23,1608,NA,NA,NA,NA,Colombia,province_state,NA
NA,NA,NA,Cundinamarca,Cundinamarca,NA,NA,NA,10,23,1144,NA,NA,NA,NA,Colombia,province_state,NA
NA,NA,NA,Guainia,Guainia,NA,NA,NA,10,23,18,NA,NA,NA,NA,Colombia,province_state,NA
NA,NA,NA,Guaviare,Guaviare,NA,NA,NA,10,23,21,NA,NA,NA,NA,Colombia,province_state,NA
NA,NA,NA,Huila,Huila,NA,NA,NA,10,23,546,NA,NA,NA,NA,Colombia,province_state,NA
NA,NA,NA,La Guajira,La Guajira,NA,NA,NA,10,23,381,NA,NA,NA,NA,Colombia,province_state,NA
NA,NA,NA,Magdalena,Magdalena,NA,NA,NA,10,23,877,NA,NA,NA,NA,Colombia,province_state,NA
NA,NA,NA,Meta,Meta,NA,NA,NA,10,23,490,NA,NA,NA,NA,Colombia,province_state,NA
NA,NA,NA,Narino,Narino,NA,NA,NA,10,23,747,NA,NA,NA,NA,Colombia,province_state,NA
NA,NA,NA,Norte de Santander,Norte de Santander,NA,NA,NA,10,23,1018,NA,NA,NA,NA,Colombia,province_state,NA
NA,NA,NA,Putumayo,Putumayo,NA,NA,NA,10,23,196,NA,NA,NA,NA,Colombia,province_state,NA
NA,NA,NA,Quindio,Quindio,NA,NA,NA,10,23,193,NA,NA,NA,NA,Colombia,province_state,NA
NA,NA,NA,Risaralda,Risaralda,NA,NA,NA,10,23,345,NA,NA,NA,NA,Colombia,province_state,NA
NA,NA,NA,San Andres y Providencia,San Andres y Providencia,NA,NA,NA,10,23,29,NA,NA,NA,NA,Colombia,province_state,NA
NA,NA,NA,Santander,Santander,NA,NA,NA,10,23,1580,NA,NA,NA,NA,Colombia,province_state,NA
NA,NA,NA,Sucre,Sucre,NA,NA,NA,10,23,606,NA,NA,NA,NA,Colombia,province_state,NA
NA,NA,NA,Tolima,Tolima,NA,NA,NA,10,23,518,NA,NA,NA,NA,Colombia,province_state,NA
NA,NA,NA,Unknown,Unknown,NA,NA,NA,10,23,0,NA,NA,NA,NA,Colombia,province_state,NA
NA,NA,NA,Valle del Cauca,Valle del Cauca,NA,NA,NA,10,23,2644,NA,NA,NA,NA,Colombia,province_state,NA
NA,NA,NA,Vaupes,Vaupes,NA,NA,NA,10,23,12,NA,NA,NA,NA,Colombia,province_state,NA
NA,NA,NA,Vichada,Vichada,NA,NA,NA,10,23,9,NA,NA,NA,NA,Colombia,province_state,NA
NA,NA,FRO,Faroe Islands,Faroe Islands,Cntry/Terr,NA,NA,10,23,0,NA,NA,NA,NA,Denmark,province_state,NA
NA,NA,GRL,Greenland,Greenland,Cntry/Terr,NA,NA,10,23,0,NA,NA,NA,NA,Denmark,province_state,NA
NA,NA,GUF,French Guiana,French Guiana,Cntry/Terr,NA,NA,10,23,69,NA,NA,NA,NA,France,province_state,NA
NA,NA,PYF,French Polynesia,French Polynesia,Cntry/Terr,NA,NA,10,23,19,NA,NA,NA,NA,France,province_state,NA
NA,NA,GLP,Guadeloupe,Guadeloupe,Cntry/Terr,NA,NA,10,23,115,NA,NA,NA,NA,France,province_state,NA
NA,NA,MTQ,Martinique,Martinique,Cntry/Terr,NA,NA,10,23,24,NA,NA,NA,NA,France,province_state,NA
NA,NA,MYT,Mayotte,Mayotte,Cntry/Terr,NA,NA,10,23,44,NA,NA,NA,NA,France,province_state,NA
NA,NA,NCL,New Caledonia,New Caledonia,Cntry/Terr,NA,NA,10,23,0,NA,NA,NA,NA,France,province_state,NA
NA,NA,REU,Reunion,Reunion,Cntry/Terr,NA,NA,10,23,19,NA,NA,NA,NA,France,province_state,NA
NA,NA,BLM,Saint Barthelemy,Saint Barthelemy,Cntry/Terr,NA,NA,10,23,0,NA,NA,NA,NA,France,province_state,NA
NA,NA,SPM,Saint Pierre and Miquelon,Saint Pierre and Miquelon,Cntry/Terr,NA,NA,10,23,0,NA,NA,NA,NA,France,province_state,NA
NA,NA,MAF,Saint Martin (French part),St Martin,Cntry/Terr,NA,NA,10,23,8,NA,NA,NA,NA,France,province_state,NA
NA,NA,NA,Baden-Wurttemberg,Baden-Wurttemberg,Germany,Baden-Wurttemberg,NA,10,23,1957,6444.98157755892,01,01,2020_10_22,Germany,province_state,NA
NA,NA,NA,Bayern,Bayern,Germany,Bavaria,NA,10,23,2734,5703.46114854988,01,01,2020_10_22,Germany,province_state,NA
NA,NA,NA,Berlin,Berlin,Germany,Berlin,NA,10,23,245,795.084461075174,01,01,2020_10_22,Germany,province_state,NA
NA,NA,NA,Brandenburg,Brandenburg,Germany,Brandenburg,NA,10,23,185,408.029211616569,01,01,2020_10_22,Germany,province_state,NA
NA,NA,NA,Bremen,Bremen,Germany,Bremen,NA,10,23,63,188.607804301809,01,01,2020_10_22,Germany,province_state,NA
NA,NA,NA,Hamburg,Hamburg,Germany,Hamburg,NA,10,23,283,554.243883591955,01,01,2020_10_22,Germany,province_state,NA
NA,NA,NA,Hessen,Hessen,Germany,Hesse,NA,10,23,600,2149.06620999332,01,01,2020_10_22,Germany,province_state,NA
NA,NA,NA,Mecklenburg-Vorpommern,Mecklenburg-Vorpommern,Germany,Mecklenburg-Vorpommern,NA,10,23,21,56.2818285033687,01,01,2020_10_22,Germany,province_state,NA
NA,NA,NA,Niedersachsen,Niedersachsen,Germany,Lower Saxony,NA,10,23,723,1606.48031972355,01,01,2020_10_22,Germany,province_state,NA
NA,NA,NA,Nordrhein-Westfalen,Nordrhein-Westfalen,Germany,North Rhine-Westphalia,NA,10,23,1994,6685.96664402083,01,01,2020_10_22,Germany,province_state,NA
NA,NA,NA,Rheinland-Pfalz,Rheinland-Pfalz,Germany,Rhineland-Palatinate,NA,10,23,267,510.840402423116,01,01,2020_10_22,Germany,province_state,NA
NA,NA,NA,Saarland,Saarland,Germany,Saarland,NA,10,23,178,180.95162092295,01,01,2020_10_22,Germany,province_state,NA
NA,NA,NA,Sachsen,Sachsen,Germany,Saxony,NA,10,23,272,1412.96279853161,01,01,2020_10_22,Germany,province_state,NA
NA,NA,NA,Sachsen-Anhalt,Sachsen-Anhalt,Germany,Saxony-Anhalt,NA,10,23,73,315.469006276621,01,01,2020_10_22,Germany,province_state,NA
NA,NA,NA,Schleswig-Holstein,Schleswig-Holstein,Germany,Schleswig-Holstein,NA,10,23,164,197.930476003489,01,01,2020_10_22,Germany,province_state,NA
NA,NA,NA,Thuringen,Thuringen,Germany,Thuringia,NA,10,23,201,692.590650382259,01,01,2020_10_22,Germany,province_state,NA
NA,NA,NA,Unknown,Unknown,NA,NA,NA,10,23,0,NA,NA,NA,NA,Germany,province_state,NA
NA,NA,NA,Andaman and Nicobar Islands,Andaman and Nicobar Islands,NA,NA,NA,10,23,57,NA,NA,NA,NA,India,province_state,NA
NA,NA,NA,Andhra Pradesh,Andhra Pradesh,NA,NA,NA,10,23,6524,NA,NA,NA,NA,India,province_state,NA
NA,NA,NA,Arunachal Pradesh,Arunachal Pradesh,NA,NA,NA,10,23,32,NA,NA,NA,NA,India,province_state,NA
NA,NA,NA,Assam,Assam,NA,NA,NA,10,23,896,NA,NA,NA,NA,India,province_state,NA
NA,NA,NA,Bihar,Bihar,NA,NA,NA,10,23,1026,NA,NA,NA,NA,India,province_state,NA
NA,NA,NA,Chandigarh,Chandigarh,NA,NA,NA,10,23,212,NA,NA,NA,NA,India,province_state,NA
NA,NA,NA,Chhattisgarh,Chhattisgarh,NA,NA,NA,10,23,1680,NA,NA,NA,NA,India,province_state,NA
NA,NA,NA,Dadra and Nagar Haveli and Daman and Diu,Dadra and Nagar Haveli and Daman and Diu,NA,NA,NA,10,23,2,NA,NA,NA,NA,India,province_state,NA
NA,NA,NA,Delhi,Delhi,NA,NA,NA,10,23,6163,NA,NA,NA,NA,India,province_state,NA
NA,NA,NA,Goa,Goa,NA,NA,NA,10,23,564,NA,NA,NA,NA,India,province_state,NA
NA,NA,NA,Gujarat,Gujarat,NA,NA,NA,10,23,3667,NA,NA,NA,NA,India,province_state,NA
NA,NA,NA,Haryana,Haryana,NA,NA,NA,10,23,1688,NA,NA,NA,NA,India,province_state,NA
NA,NA,NA,Himachal Pradesh,Himachal Pradesh,NA,NA,NA,10,23,284,NA,NA,NA,NA,India,province_state,NA
NA,NA,NA,Jammu and Kashmir,Jammu and Kashmir,NA,NA,NA,10,23,1412,NA,NA,NA,NA,India,province_state,NA
NA,NA,NA,Jharkhand,Jharkhand,NA,NA,NA,10,23,859,NA,NA,NA,NA,India,province_state,NA
NA,NA,NA,Karnataka,Karnataka,NA,NA,NA,10,23,10770,NA,NA,NA,NA,India,province_state,NA
NA,NA,NA,Kerala,Kerala,NA,NA,NA,10,23,1255,NA,NA,NA,NA,India,province_state,NA
NA,NA,NA,Ladakh,Ladakh,NA,NA,NA,10,23,68,NA,NA,NA,NA,India,province_state,NA
NA,NA,NA,Lakshadweep,Lakshadweep,NA,NA,NA,10,23,0,NA,NA,NA,NA,India,province_state,NA
NA,NA,NA,Madhya Pradesh,Madhya Pradesh,NA,NA,NA,10,23,2842,NA,NA,NA,NA,India,province_state,NA
NA,NA,NA,Maharashtra,Maharashtra,NA,NA,NA,10,23,42831,NA,NA,NA,NA,India,province_state,NA
NA,NA,NA,Manipur,Manipur,NA,NA,NA,10,23,127,NA,NA,NA,NA,India,province_state,NA
NA,NA,NA,Meghalaya,Meghalaya,NA,NA,NA,10,23,78,NA,NA,NA,NA,India,province_state,NA
NA,NA,NA,Mizoram,Mizoram,NA,NA,NA,10,23,0,NA,NA,NA,NA,India,province_state,NA
NA,NA,NA,Nagaland,Nagaland,NA,NA,NA,10,23,28,NA,NA,NA,NA,India,province_state,NA
NA,NA,NA,Odisha,Odisha,NA,NA,NA,10,23,1196,NA,NA,NA,NA,India,province_state,NA
NA,NA,NA,Puducherry,Puducherry,NA,NA,NA,10,23,582,NA,NA,NA,NA,India,province_state,NA
NA,NA,NA,Punjab,Punjab,NA,NA,NA,10,23,4072,NA,NA,NA,NA,India,province_state,NA
NA,NA,NA,Rajasthan,Rajasthan,NA,NA,NA,10,23,1800,NA,NA,NA,NA,India,province_state,NA
NA,NA,NA,Sikkim,Sikkim,NA,NA,NA,10,23,63,NA,NA,NA,NA,India,province_state,NA
NA,NA,NA,Tamil Nadu,Tamil Nadu,NA,NA,NA,10,23,10825,NA,NA,NA,NA,India,province_state,NA
NA,NA,NA,Telangana,Telangana,NA,NA,NA,10,23,1298,NA,NA,NA,NA,India,province_state,NA
NA,NA,NA,Tripura,Tripura,NA,NA,NA,10,23,339,NA,NA,NA,NA,India,province_state,NA
NA,NA,NA,Unknown,Unknown,NA,NA,NA,10,23,0,NA,NA,NA,NA,India,province_state,NA
NA,NA,NA,Uttar Pradesh,Uttar Pradesh,NA,NA,NA,10,23,6790,NA,NA,NA,NA,India,province_state,NA
NA,NA,NA,Uttarakhand,Uttarakhand,NA,NA,NA,10,23,968,NA,NA,NA,NA,India,province_state,NA
NA,NA,NA,West Bengal,West Bengal,NA,NA,NA,10,23,6308,NA,NA,NA,NA,India,province_state,NA
NA,NA,IT13,Abruzzo,Abruzzo,Italy,Abruzzo,IT13,10,23,501,954.240082553553,01,01,2020_10_22,Italy,province_state,NA
NA,NA,IT17,Basilicata,Basilicata,Italy,Basilicata,IT17,10,23,42,96.7083046810851,01,01,2020_10_22,Italy,province_state,NA
NA,NA,IT18,Calabria,Calabria,Italy,Calabria,IT18,10,23,105,143.445176991687,01,01,2020_10_22,Italy,province_state,NA
NA,NA,IT15,Campania,Campania,Italy,Campania,IT15,10,23,551,4711.6579074635,01,01,2020_10_22,Italy,province_state,NA
NA,NA,IT08,Emilia-Romagna,Emilia-Romagna,Italy,Emilia-Romagna,IT08,10,23,4537,5900.1645854709795,01,01,2020_10_22,Italy,province_state,NA
NA,NA,IT06,Friuli-Venezia Giulia,Friuli Venezia Giulia,Italy,Friuli-Venezia Giulia,IT06,10,23,368,804.415057409378,01,01,2020_10_22,Italy,province_state,NA
NA,NA,IT12,Lazio,Lazio,Italy,Lazio,IT12,10,23,1070,4316.28614805076,01,01,2020_10_22,Italy,province_state,NA
NA,NA,IT07,Liguria,Liguria,Italy,Liguria,IT07,10,23,1673,2175.30916498373,01,01,2020_10_22,Italy,province_state,NA
NA,NA,IT03,Lombardia,Lombardia,Italy,Lombardia,IT03,10,23,17152,22068.3713996996,01,01,2020_10_22,Italy,province_state,NA
NA,NA,IT11,Marche,Marche,Italy,Marche,IT11,10,23,998,1133.75026708759,01,01,2020_10_22,Italy,province_state,NA
NA,NA,IT14,Molise,Molise,Italy,Molise,IT14,10,23,26,55.763841972581,01,01,2020_10_22,Italy,province_state,NA
NA,NA,IT21,Bolzano (Provincia autonoma di),P.A. Bolzano,Italy,Provincia autonoma di Bolzano,IT21,10,23,296,675.999623098576,01,01,2020_10_22,Italy,province_state,NA
NA,NA,IT22,Trento (Provincia autonoma di),P.A. Trento,Italy,Provincia autonoma di Trento,IT22,10,23,423,1314.33245889662,01,01,2020_10_22,Italy,province_state,NA
NA,NA,IT01,Piemonte,Piemonte,Italy,Piemonte,IT01,10,23,4227,6791.14228301495,01,01,2020_10_22,Italy,province_state,NA
NA,NA,IT16,Puglia,Puglia,Italy,Puglia,IT16,10,23,645,1986.02974631703,01,01,2020_10_22,Italy,province_state,NA
NA,NA,IT20,Sardegna,Sardegna,Italy,Sardegna,IT20,10,23,181,367.31189152451,01,01,2020_10_22,Italy,province_state,NA
NA,NA,IT19,Sicilia,Sicilia,Italy,Sicilia,IT19,10,23,397,2449.35844183039,01,01,2020_10_22,Italy,province_state,NA
NA,NA,IT09,Toscana,Toscana,Italy,Toscana,IT09,10,23,1229,2592.10198015303,01,01,2020_10_22,Italy,province_state,NA
NA,NA,IT10,Umbria,Umbria,Italy,Umbria,IT10,10,23,97,213.45810109152,01,01,2020_10_22,Italy,province_state,NA
NA,NA,IT02,Valle d'Aosta/Vallee d'Aoste,Valle d'Aosta,Italy,Valle d'Aosta,IT02,10,23,149,152.320805941478,01,01,2020_10_22,Italy,province_state,NA
NA,NA,IT05,Veneto,Veneto,Italy,Veneto,IT05,10,23,2301,4702.17233788648,01,01,2020_10_22,Italy,province_state,NA
NA,NA,NA,Aichi,Aichi,NA,NA,NA,10,23,91,NA,NA,NA,NA,Japan,province_state,NA
NA,NA,NA,Akita,Akita,NA,NA,NA,10,23,0,NA,NA,NA,NA,Japan,province_state,NA
NA,NA,NA,Aomori,Aomori,NA,NA,NA,10,23,1,NA,NA,NA,NA,Japan,province_state,NA
NA,NA,NA,Chiba,Chiba,NA,NA,NA,10,23,76,NA,NA,NA,NA,Japan,province_state,NA
NA,NA,NA,Ehime,Ehime,NA,NA,NA,10,23,6,NA,NA,NA,NA,Japan,province_state,NA
NA,NA,NA,Fukui,Fukui,NA,NA,NA,10,23,11,NA,NA,NA,NA,Japan,province_state,NA
NA,NA,NA,Fukuoka,Fukuoka,NA,NA,NA,10,23,100,NA,NA,NA,NA,Japan,province_state,NA
NA,NA,NA,Fukushima,Fukushima,NA,NA,NA,10,23,6,NA,NA,NA,NA,Japan,province_state,NA
NA,NA,NA,Gifu,Gifu,NA,NA,NA,10,23,10,NA,NA,NA,NA,Japan,province_state,NA
NA,NA,NA,Gunma,Gunma,NA,NA,NA,10,23,19,NA,NA,NA,NA,Japan,province_state,NA
NA,NA,NA,Hiroshima,Hiroshima,NA,NA,NA,10,23,5,NA,NA,NA,NA,Japan,province_state,NA
NA,NA,NA,Hokkaido,Hokkaido,NA,NA,NA,10,23,108,NA,NA,NA,NA,Japan,province_state,NA
NA,NA,NA,Hyogo,Hyogo,NA,NA,NA,10,23,60,NA,NA,NA,NA,Japan,province_state,NA
NA,NA,NA,Ibaraki,Ibaraki,NA,NA,NA,10,23,19,NA,NA,NA,NA,Japan,province_state,NA
NA,NA,NA,Ishikawa,Ishikawa,NA,NA,NA,10,23,48,NA,NA,NA,NA,Japan,province_state,NA
NA,NA,NA,Iwate,Iwate,NA,NA,NA,10,23,0,NA,NA,NA,NA,Japan,province_state,NA
NA,NA,NA,Kagawa,Kagawa,NA,NA,NA,10,23,2,NA,NA,NA,NA,Japan,province_state,NA
NA,NA,NA,Kagoshima,Kagoshima,NA,NA,NA,10,23,12,NA,NA,NA,NA,Japan,province_state,NA
NA,NA,NA,Kanagawa,Kanagawa,NA,NA,NA,10,23,158,NA,NA,NA,NA,Japan,province_state,NA
NA,NA,NA,Kochi,Kochi,NA,NA,NA,10,23,4,NA,NA,NA,NA,Japan,province_state,NA
NA,NA,NA,Kumamoto,Kumamoto,NA,NA,NA,10,23,8,NA,NA,NA,NA,Japan,province_state,NA
NA,NA,NA,Kyoto,Kyoto,NA,NA,NA,10,23,30,NA,NA,NA,NA,Japan,province_state,NA
NA,NA,NA,Mie,Mie,NA,NA,NA,10,23,6,NA,NA,NA,NA,Japan,province_state,NA
NA,NA,NA,Miyagi,Miyagi,NA,NA,NA,10,23,2,NA,NA,NA,NA,Japan,province_state,NA
NA,NA,NA,Miyazaki,Miyazaki,NA,NA,NA,10,23,1,NA,NA,NA,NA,Japan,province_state,NA
NA,NA,NA,Nagano,Nagano,NA,NA,NA,10,23,4,NA,NA,NA,NA,Japan,province_state,NA
NA,NA,NA,Nagasaki,Nagasaki,NA,NA,NA,10,23,3,NA,NA,NA,NA,Japan,province_state,NA
NA,NA,NA,Nara,Nara,NA,NA,NA,10,23,9,NA,NA,NA,NA,Japan,province_state,NA
NA,NA,NA,Niigata,Niigata,NA,NA,NA,10,23,0,NA,NA,NA,NA,Japan,province_state,NA
NA,NA,NA,Oita,Oita,NA,NA,NA,10,23,2,NA,NA,NA,NA,Japan,province_state,NA
NA,NA,NA,Okayama,Okayama,NA,NA,NA,10,23,1,NA,NA,NA,NA,Japan,province_state,NA
NA,NA,NA,Okinawa,Okinawa,NA,NA,NA,10,23,57,NA,NA,NA,NA,Japan,province_state,NA
NA,NA,NA,Osaka,Osaka,NA,NA,NA,10,23,231,NA,NA,NA,NA,Japan,province_state,NA
NA,NA,NA,Port Quarantine,Port Quarantine,NA,NA,NA,10,23,1,NA,NA,NA,NA,Japan,province_state,NA
NA,NA,NA,Saga,Saga,NA,NA,NA,10,23,1,NA,NA,NA,NA,Japan,province_state,NA
NA,NA,NA,Saitama,Saitama,NA,NA,NA,10,23,103,NA,NA,NA,NA,Japan,province_state,NA
NA,NA,NA,Shiga,Shiga,NA,NA,NA,10,23,9,NA,NA,NA,NA,Japan,province_state,NA
NA,NA,NA,Shimane,Shimane,NA,NA,NA,10,23,0,NA,NA,NA,NA,Japan,province_state,NA
NA,NA,NA,Shizuoka,Shizuoka,NA,NA,NA,10,23,2,NA,NA,NA,NA,Japan,province_state,NA
NA,NA,NA,Tochigi,Tochigi,NA,NA,NA,10,23,1,NA,NA,NA,NA,Japan,province_state,NA
NA,NA,NA,Tokushima,Tokushima,NA,NA,NA,10,23,9,NA,NA,NA,NA,Japan,province_state,NA
NA,NA,NA,Tokyo,Tokyo,NA,NA,NA,10,23,442,NA,NA,NA,NA,Japan,province_state,NA
NA,NA,NA,Tottori,Tottori,NA,NA,NA,10,23,0,NA,NA,NA,NA,Japan,province_state,NA
NA,NA,NA,Toyama,Toyama,NA,NA,NA,10,23,26,NA,NA,NA,NA,Japan,province_state,NA
NA,NA,NA,Unknown,Unknown,NA,NA,NA,10,23,0,NA,NA,NA,NA,Japan,province_state,NA
NA,NA,NA,Wakayama,Wakayama,NA,NA,NA,10,23,4,NA,NA,NA,NA,Japan,province_state,NA
NA,NA,NA,Yamagata,Yamagata,NA,NA,NA,10,23,1,NA,NA,NA,NA,Japan,province_state,NA
NA,NA,NA,Yamaguchi,Yamaguchi,NA,NA,NA,10,23,2,NA,NA,NA,NA,Japan,province_state,NA
NA,NA,NA,Yamanashi,Yamanashi,NA,NA,NA,10,23,6,NA,NA,NA,NA,Japan,province_state,NA
NA,NA,MX01,Aguascalientes,Aguascalientes,Mexico,Aguascalientes,MX01,10,23,769,1024.07626573981,01,01,2020_10_22,Mexico,province_state,NA
NA,NA,MX02,Baja California,Baja California,Mexico,Baja California,MX02,10,23,3733,4036.48860482859,01,01,2020_10_22,Mexico,province_state,NA
NA,NA,MX03,Baja California Sur,Baja California Sur,Mexico,Baja California Sur,MX03,10,23,577,1037.0417378874,01,01,2020_10_22,Mexico,province_state,NA
NA,NA,MX04,Campeche,Campeche,Mexico,Campeche,MX04,10,23,854,916.154415809051,01,01,2020_10_22,Mexico,province_state,NA
NA,NA,MX07,Chiapas,Chiapas,Mexico,Chiapas,MX07,10,23,1066,1055.58080221988,01,01,2020_10_22,Mexico,province_state,NA
NA,NA,MX08,Chihuahua,Chihuahua,Mexico,Chihuahua,MX08,10,23,1671,2552.45764392074,01,01,2020_10_22,Mexico,province_state,NA
NA,NA,MX09,Ciudad de Mexico,Ciudad de Mexico,Mexico,Mexico City,MX09,10,23,14554,17490.8018043564,01,01,2020_10_22,Mexico,province_state,NA
NA,NA,MX05,Coahuila de Zaragoza,Coahuila,Mexico,Coahuila,MX05,10,23,2153,2986.7713180512,01,01,2020_10_22,Mexico,province_state,NA
NA,NA,MX06,Colima,Colima,Mexico,Colima,MX06,10,23,689,914.714551237005,01,01,2020_10_22,Mexico,province_state,NA
NA,NA,MX10,Durango,Durango,Mexico,Durango,MX10,10,23,730,1163.38379037407,01,01,2020_10_22,Mexico,province_state,NA
NA,NA,MX11,Guanajuato,Guanajuato,Mexico,Guanajuato,MX11,10,23,3254,4521.20750397779,01,01,2020_10_22,Mexico,province_state,NA
NA,NA,MX12,Guerrero,Guerrero,Mexico,Guerrero,MX12,10,23,2096,3221.11962815748,01,01,2020_10_22,Mexico,province_state,NA
NA,NA,MX13,Hidalgo,Hidalgo,Mexico,Hidalgo,MX13,10,23,2186,2923.85653443831,01,01,2020_10_22,Mexico,province_state,NA
NA,NA,MX14,Jalisco,Jalisco,Mexico,Jalisco,MX14,10,23,3762,5232.51679904427,01,01,2020_10_22,Mexico,province_state,NA
NA,NA,MX15,Mexico (State),Mexico,Mexico,Mexico_two,MX15,10,23,10348,12210.3916316316,01,01,2020_10_22,Mexico,province_state,NA
NA,NA,MX16,Michoacan de Ocampo,Michoacan,Mexico,Michoacan de Ocampo,MX16,10,23,1889,2611.08516275376,01,01,2020_10_22,Mexico,province_state,NA
NA,NA,MX17,Morelos,Morelos,Mexico,Morelos,MX17,10,23,1168,1506.10574677409,01,01,2020_10_22,Mexico,province_state,NA
NA,NA,MX18,Nayarit,Nayarit,Mexico,Nayarit,MX18,10,23,822,1116.39775302182,01,01,2020_10_22,Mexico,province_state,NA
NA,NA,MX19,Nuevo Leon,Nuevo Leon,Mexico,Nuevo Leon,MX19,10,23,3618,5383.16684604004,01,01,2020_10_22,Mexico,province_state,NA
NA,NA,MX20,Oaxaca,Oaxaca,Mexico,Oaxaca,MX20,10,23,1598,3023.45979286342,01,01,2020_10_22,Mexico,province_state,NA
NA,NA,MX21,Puebla,Puebla,Mexico,Puebla,MX21,10,23,4582,6227.16746645416,01,01,2020_10_22,Mexico,province_state,NA
NA,NA,MX22,Queretaro,Queretaro,Mexico,Queretaro,MX22,10,23,1124,1949.95945209704,01,01,2020_10_22,Mexico,province_state,NA
NA,NA,MX23,Quintana Roo,Quintana Roo,Mexico,Quintana Roo,MX23,10,23,1795,1956.37377712566,01,01,2020_10_22,Mexico,province_state,NA
NA,NA,MX24,San Luis Potosi,San Luis Potosi,Mexico,San Luis Potosi,MX24,10,23,1892,2642.63750768538,01,01,2020_10_22,Mexico,province_state,NA
NA,NA,MX25,Sinaloa,Sinaloa,Mexico,Sinaloa,MX25,10,23,3504,4257.79604293904,01,01,2020_10_22,Mexico,province_state,NA
NA,NA,MX26,Sonora,Sonora,Mexico,Sonora,MX26,10,23,3097,3773.65178526194,01,01,2020_10_22,Mexico,province_state,NA
NA,NA,MX27,Tabasco,Tabasco,Mexico,Tabasco,MX27,10,23,2999,3083.48050399533,01,01,2020_10_22,Mexico,province_state,NA
NA,NA,MX28,Tamaulipas,Tamaulipas,Mexico,Tamaulipas,MX28,10,23,2536,2812.39142836208,01,01,2020_10_22,Mexico,province_state,NA
NA,NA,MX29,Tlaxcala,Tlaxcala,Mexico,Tlaxcala,MX29,10,23,1101,1500.73142868565,01,01,2020_10_22,Mexico,province_state,NA
NA,NA,MX30,Veracruz de Ignacio de la Llave,Veracruz,Mexico,Veracruz de Ignacio de la Llave,MX30,10,23,4664,8447.59156553074,01,01,2020_10_22,Mexico,province_state,NA
NA,NA,MX31,Yucatan,Yucatan,Mexico,Yucatan,MX31,10,23,1734,1851.802819983,01,01,2020_10_22,Mexico,province_state,NA
NA,NA,MX32,Zacatecas,Zacatecas,Mexico,Zacatecas,MX32,10,23,850,1283.37296550762,01,01,2020_10_22,Mexico,province_state,NA
NA,NA,ABW,Aruba,Aruba,Cntry/Terr,NA,NA,10,23,36,NA,NA,NA,NA,Netherlands,province_state,NA
NA,NA,BES,"Bonaire, Sint Eustatius and Saba","Bonaire, Sint Eustatius and Saba",Cntry/Terr,NA,NA,10,23,3,NA,NA,NA,NA,Netherlands,province_state,NA
NA,NA,CUW,Curacao,Curacao,Cntry/Terr,NA,NA,10,23,1,NA,NA,NA,NA,Netherlands,province_state,NA
NA,NA,NA,Drenthe,Drenthe,NA,NA,NA,10,23,70,NA,NA,NA,NA,Netherlands,province_state,NA
NA,NA,NA,Flevoland,Flevoland,NA,NA,NA,10,23,106,NA,NA,NA,NA,Netherlands,province_state,NA
NA,NA,NA,Friesland,Friesland,NA,NA,NA,10,23,76,NA,NA,NA,NA,Netherlands,province_state,NA
NA,NA,NA,Gelderland,Gelderland,NA,NA,NA,10,23,763,NA,NA,NA,NA,Netherlands,province_state,NA
NA,NA,NA,Groningen,Groningen,NA,NA,NA,10,23,24,NA,NA,NA,NA,Netherlands,province_state,NA
NA,NA,NA,Limburg,Limburg,NA,NA,NA,10,23,779,NA,NA,NA,NA,Netherlands,province_state,NA
NA,NA,NA,Noord-Brabant,Noord-Brabant,NA,NA,NA,10,23,1631,NA,NA,NA,NA,Netherlands,province_state,NA
NA,NA,NA,Noord-Holland,Noord-Holland,NA,NA,NA,10,23,945,NA,NA,NA,NA,Netherlands,province_state,NA
NA,NA,NA,Overijssel,Overijssel,NA,NA,NA,10,23,377,NA,NA,NA,NA,Netherlands,province_state,NA
NA,NA,SXM,Siint Maarten (Dutch part),Sint Maarten,Cntry/Terr,NA,NA,10,23,22,NA,NA,NA,NA,Netherlands,province_state,NA
NA,NA,NA,Unknown,Unknown,NA,NA,NA,10,23,22,NA,NA,NA,NA,Netherlands,province_state,NA
NA,NA,NA,Utrecht,Utrecht,NA,NA,NA,10,23,474,NA,NA,NA,NA,Netherlands,province_state,NA
NA,NA,NA,Zeeland,Zeeland,NA,NA,NA,10,23,78,NA,NA,NA,NA,Netherlands,province_state,NA
NA,NA,NA,Zuid-Holland,Zuid-Holland,NA,NA,NA,10,23,1574,NA,NA,NA,NA,Netherlands,province_state,NA
NA,NA,NA,Azad Jammu and Kashmir,Azad Jammu and Kashmir,NA,NA,NA,10,23,85,NA,NA,NA,NA,Pakistan,province_state,NA
NA,NA,NA,Balochistan,Balochistan,NA,NA,NA,10,23,148,NA,NA,NA,NA,Pakistan,province_state,NA
NA,NA,NA,Gilgit-Baltistan,Gilgit-Baltistan,NA,NA,NA,10,23,90,NA,NA,NA,NA,Pakistan,province_state,NA
NA,NA,NA,Islamabad,Islamabad,NA,NA,NA,10,23,205,NA,NA,NA,NA,Pakistan,province_state,NA
NA,NA,NA,Khyber Pakhtunkhwa,Khyber Pakhtunkhwa,NA,NA,NA,10,23,1267,NA,NA,NA,NA,Pakistan,province_state,NA
NA,NA,NA,Punjab,Punjab,NA,NA,NA,10,23,2329,NA,NA,NA,NA,Pakistan,province_state,NA
NA,NA,NA,Sindh,Sindh,NA,NA,NA,10,23,2591,NA,NA,NA,NA,Pakistan,province_state,NA
NA,NA,BR13,Amazonas,Amazonas,Brazil,Amazonas,BR13,10,23,225,5182.36488977205,01,01,2020_10_22,Peru,province_state,NA
NA,NA,PE02,Ancash,Ancash,Peru,NA,NA,10,23,1346,NA,NA,NA,NA,Peru,province_state,NA
NA,NA,PE03,Apurimac,Apurimac,Peru,NA,NA,10,23,106,NA,NA,NA,NA,Peru,province_state,NA
NA,NA,PE04,Arequipa,Arequipa,Peru,NA,NA,10,23,1428,NA,NA,NA,NA,Peru,province_state,NA
NA,NA,PE05,Ayacucho,Ayacucho,Peru,NA,NA,10,23,326,NA,NA,NA,NA,Peru,province_state,NA
NA,NA,PE06,Cajamarca,Cajamarca,Peru,NA,NA,10,23,506,NA,NA,NA,NA,Peru,province_state,NA
NA,NA,PE07,Callao,Callao,Peru,NA,NA,10,23,1822,NA,NA,NA,NA,Peru,province_state,NA
NA,NA,PE08,Cusco,Cusco,Peru,NA,NA,10,23,450,NA,NA,NA,NA,Peru,province_state,NA
NA,NA,PE09,Huancavelica,Huancavelica,Peru,NA,NA,10,23,122,NA,NA,NA,NA,Peru,province_state,NA
NA,NA,PE10,Huanuco,Huanuco,Peru,NA,NA,10,23,408,NA,NA,NA,NA,Peru,province_state,NA
NA,NA,PE11,Ica,Ica,Peru,NA,NA,10,23,1660,NA,NA,NA,NA,Peru,province_state,NA
NA,NA,PE12,Junin,Junin,Peru,NA,NA,10,23,816,NA,NA,NA,NA,Peru,province_state,NA
NA,NA,PE13,La Libertad,La Libertad,Peru,NA,NA,10,23,2268,NA,NA,NA,NA,Peru,province_state,NA
NA,NA,PE14,Lambayeque,Lambayeque,Peru,NA,NA,10,23,1760,NA,NA,NA,NA,Peru,province_state,NA
NA,NA,PE15,Lima,Lima,Peru,NA,NA,10,23,15294,NA,NA,NA,NA,Peru,province_state,NA
NA,NA,PE16,Loreto,Loreto,Peru,NA,NA,10,23,967,NA,NA,NA,NA,Peru,province_state,NA
NA,NA,PE17,Madre de Dios,Madre de Dios,Peru,NA,NA,10,23,143,NA,NA,NA,NA,Peru,province_state,NA
NA,NA,PE18,Moquegua,Moquegua,Peru,NA,NA,10,23,275,NA,NA,NA,NA,Peru,province_state,NA
NA,NA,PE19,Pasco,Pasco,Peru,NA,NA,10,23,113,NA,NA,NA,NA,Peru,province_state,NA
NA,NA,PE20,Piura,Piura,Peru,NA,NA,10,23,2020,NA,NA,NA,NA,Peru,province_state,NA
NA,NA,PE21,Puno,Puno,Peru,NA,NA,10,23,330,NA,NA,NA,NA,Peru,province_state,NA
NA,NA,PE22,San Martin,San Martin,Peru,NA,NA,10,23,722,NA,NA,NA,NA,Peru,province_state,NA
NA,NA,PE23,Tacna,Tacna,Peru,NA,NA,10,23,226,NA,NA,NA,NA,Peru,province_state,NA
NA,NA,PE24,Tumbes,Tumbes,Peru,NA,NA,10,23,313,NA,NA,NA,NA,Peru,province_state,NA
NA,NA,PE25,Ucayali,Ucayali,Peru,NA,NA,10,23,338,NA,NA,NA,NA,Peru,province_state,NA
NA,NA,NA,Unknown,Unknown,NA,NA,NA,10,23,0,NA,NA,NA,NA,Peru,province_state,NA
NA,NA,NA,Adygea Republic,Adygea Republic,NA,NA,NA,10,23,43,NA,NA,NA,NA,Russia,province_state,NA
NA,NA,NA,Altai Krai,Altai Krai,NA,NA,NA,10,23,291,NA,NA,NA,NA,Russia,province_state,NA
NA,NA,NA,Altai Republic,Altai Republic,NA,NA,NA,10,23,12,NA,NA,NA,NA,Russia,province_state,NA
NA,NA,NA,Amur Oblast,Amur Oblast,NA,NA,NA,10,23,61,NA,NA,NA,NA,Russia,province_state,NA
NA,NA,NA,Arkhangelsk Oblast,Arkhangelsk Oblast,NA,NA,NA,10,23,271,NA,NA,NA,NA,Russia,province_state,NA
NA,NA,NA,Astrakhan Oblast,Astrakhan Oblast,NA,NA,NA,10,23,151,NA,NA,NA,NA,Russia,province_state,NA
NA,NA,NA,Bashkortostan Republic,Bashkortostan Republic,NA,NA,NA,10,23,48,NA,NA,NA,NA,Russia,province_state,NA
NA,NA,NA,Belgorod Oblast,Belgorod Oblast,NA,NA,NA,10,23,61,NA,NA,NA,NA,Russia,province_state,NA
NA,NA,NA,Bryansk Oblast,Bryansk Oblast,NA,NA,NA,10,23,50,NA,NA,NA,NA,Russia,province_state,NA
NA,NA,NA,Buryatia Republic,Buryatia Republic,NA,NA,NA,10,23,103,NA,NA,NA,NA,Russia,province_state,NA
NA,NA,NA,Chechen Republic,Chechen Republic,NA,NA,NA,10,23,44,NA,NA,NA,NA,Russia,province_state,NA
NA,NA,NA,Chelyabinsk Oblast,Chelyabinsk Oblast,NA,NA,NA,10,23,155,NA,NA,NA,NA,Russia,province_state,NA
NA,NA,NA,Chukotka Autonomous Okrug,Chukotka Autonomous Okrug,NA,NA,NA,10,23,2,NA,NA,NA,NA,Russia,province_state,NA
NA,NA,NA,Chuvashia Republic,Chuvashia Republic,NA,NA,NA,10,23,122,NA,NA,NA,NA,Russia,province_state,NA
NA,NA,NA,Dagestan Republic,Dagestan Republic,NA,NA,NA,10,23,735,NA,NA,NA,NA,Russia,province_state,NA
NA,NA,NA,Ingushetia Republic,Ingushetia Republic,NA,NA,NA,10,23,89,NA,NA,NA,NA,Russia,province_state,NA
NA,NA,NA,Irkutsk Oblast,Irkutsk Oblast,NA,NA,NA,10,23,342,NA,NA,NA,NA,Russia,province_state,NA
NA,NA,NA,Ivanovo Oblast,Ivanovo Oblast,NA,NA,NA,10,23,162,NA,NA,NA,NA,Russia,province_state,NA
NA,NA,NA,Jewish Autonomous Okrug,Jewish Autonomous Okrug,NA,NA,NA,10,23,22,NA,NA,NA,NA,Russia,province_state,NA
NA,NA,NA,Kabardino-Balkarian Republic,Kabardino-Balkarian Republic,NA,NA,NA,10,23,125,NA,NA,NA,NA,Russia,province_state,NA
NA,NA,NA,Kaliningrad Oblast,Kaliningrad Oblast,NA,NA,NA,10,23,93,NA,NA,NA,NA,Russia,province_state,NA
NA,NA,NA,Kalmykia Republic,Kalmykia Republic,NA,NA,NA,10,23,90,NA,NA,NA,NA,Russia,province_state,NA
NA,NA,NA,Kaluga Oblast,Kaluga Oblast,NA,NA,NA,10,23,79,NA,NA,NA,NA,Russia,province_state,NA
NA,NA,NA,Kamchatka Krai,Kamchatka Krai,NA,NA,NA,10,23,70,NA,NA,NA,NA,Russia,province_state,NA
NA,NA,NA,Karachay-Cherkess Republic,Karachay-Cherkess Republic,NA,NA,NA,10,23,30,NA,NA,NA,NA,Russia,province_state,NA
NA,NA,NA,Karelia Republic,Karelia Republic,NA,NA,NA,10,23,42,NA,NA,NA,NA,Russia,province_state,NA
NA,NA,NA,Kemerovo Oblast,Kemerovo Oblast,NA,NA,NA,10,23,185,NA,NA,NA,NA,Russia,province_state,NA
NA,NA,NA,Khabarovsk Krai,Khabarovsk Krai,NA,NA,NA,10,23,124,NA,NA,NA,NA,Russia,province_state,NA
NA,NA,NA,Khakassia Republic,Khakassia Republic,NA,NA,NA,10,23,57,NA,NA,NA,NA,Russia,province_state,NA
NA,NA,NA,Khanty-Mansi Autonomous Okrug,Khanty-Mansi Autonomous Okrug,NA,NA,NA,10,23,219,NA,NA,NA,NA,Russia,province_state,NA
NA,NA,NA,Kirov Oblast,Kirov Oblast,NA,NA,NA,10,23,158,NA,NA,NA,NA,Russia,province_state,NA
NA,NA,NA,Komi Republic,Komi Republic,NA,NA,NA,10,23,188,NA,NA,NA,NA,Russia,province_state,NA
NA,NA,NA,Kostroma Oblast,Kostroma Oblast,NA,NA,NA,10,23,96,NA,NA,NA,NA,Russia,province_state,NA
NA,NA,NA,Krasnodar Krai,Krasnodar Krai,NA,NA,NA,10,23,368,NA,NA,NA,NA,Russia,province_state,NA
NA,NA,NA,Krasnoyarsk Krai,Krasnoyarsk Krai,NA,NA,NA,10,23,615,NA,NA,NA,NA,Russia,province_state,NA
NA,NA,NA,Kurgan Oblast,Kurgan Oblast,NA,NA,NA,10,23,69,NA,NA,NA,NA,Russia,province_state,NA
NA,NA,NA,Kursk Oblast,Kursk Oblast,NA,NA,NA,10,23,70,NA,NA,NA,NA,Russia,province_state,NA
NA,NA,NA,Leningrad Oblast,Leningrad Oblast,NA,NA,NA,10,23,107,NA,NA,NA,NA,Russia,province_state,NA
NA,NA,NA,Lipetsk Oblast,Lipetsk Oblast,NA,NA,NA,10,23,63,NA,NA,NA,NA,Russia,province_state,NA
NA,NA,NA,Magadan Oblast,Magadan Oblast,NA,NA,NA,10,23,35,NA,NA,NA,NA,Russia,province_state,NA
NA,NA,NA,Mari El Republic,Mari El Republic,NA,NA,NA,10,23,61,NA,NA,NA,NA,Russia,province_state,NA
NA,NA,NA,Mordovia Republic,Mordovia Republic,NA,NA,NA,10,23,48,NA,NA,NA,NA,Russia,province_state,NA
NA,NA,NA,Moscow,Moscow,NA,NA,NA,10,23,6187,NA,NA,NA,NA,Russia,province_state,NA
NA,NA,NA,Moscow Oblast,Moscow Oblast,NA,NA,NA,10,23,1511,NA,NA,NA,NA,Russia,province_state,NA
NA,NA,NA,Murmansk Oblast,Murmansk Oblast,NA,NA,NA,10,23,264,NA,NA,NA,NA,Russia,province_state,NA
NA,NA,NA,Nenets Autonomous Okrug,Nenets Autonomous Okrug,NA,NA,NA,10,23,0,NA,NA,NA,NA,Russia,province_state,NA
NA,NA,NA,Nizhny Novgorod Oblast,Nizhny Novgorod Oblast,NA,NA,NA,10,23,682,NA,NA,NA,NA,Russia,province_state,NA
NA,NA,NA,North Ossetia - Alania Republic,North Ossetia - Alania Republic,NA,NA,NA,10,23,70,NA,NA,NA,NA,Russia,province_state,NA
NA,NA,NA,Novgorod Oblast,Novgorod Oblast,NA,NA,NA,10,23,87,NA,NA,NA,NA,Russia,province_state,NA
NA,NA,NA,Novosibirsk Oblast,Novosibirsk Oblast,NA,NA,NA,10,23,548,NA,NA,NA,NA,Russia,province_state,NA
NA,NA,NA,Omsk Oblast,Omsk Oblast,NA,NA,NA,10,23,381,NA,NA,NA,NA,Russia,province_state,NA
NA,NA,NA,Orel Oblast,Orel Oblast,NA,NA,NA,10,23,147,NA,NA,NA,NA,Russia,province_state,NA
NA,NA,NA,Orenburg Oblast,Orenburg Oblast,NA,NA,NA,10,23,104,NA,NA,NA,NA,Russia,province_state,NA
NA,NA,NA,Penza Oblast,Penza Oblast,NA,NA,NA,10,23,159,NA,NA,NA,NA,Russia,province_state,NA
NA,NA,NA,Perm Krai,Perm Krai,NA,NA,NA,10,23,362,NA,NA,NA,NA,Russia,province_state,NA
NA,NA,NA,Primorsky Krai,Primorsky Krai,NA,NA,NA,10,23,140,NA,NA,NA,NA,Russia,province_state,NA
NA,NA,NA,Pskov Oblast,Pskov Oblast,NA,NA,NA,10,23,68,NA,NA,NA,NA,Russia,province_state,NA
NA,NA,NA,Rostov Oblast,Rostov Oblast,NA,NA,NA,10,23,704,NA,NA,NA,NA,Russia,province_state,NA
NA,NA,NA,Ryazan Oblast,Ryazan Oblast,NA,NA,NA,10,23,58,NA,NA,NA,NA,Russia,province_state,NA
NA,NA,NA,Saint Petersburg,Saint Petersburg,NA,NA,NA,10,23,3533,NA,NA,NA,NA,Russia,province_state,NA
NA,NA,NA,Sakha (Yakutiya) Republic,Sakha (Yakutiya) Republic,NA,NA,NA,10,23,106,NA,NA,NA,NA,Russia,province_state,NA
NA,NA,NA,Sakhalin Oblast,Sakhalin Oblast,NA,NA,NA,10,23,1,NA,NA,NA,NA,Russia,province_state,NA
NA,NA,NA,Samara Oblast,Samara Oblast,NA,NA,NA,10,23,242,NA,NA,NA,NA,Russia,province_state,NA
NA,NA,NA,Saratov Oblast,Saratov Oblast,NA,NA,NA,10,23,145,NA,NA,NA,NA,Russia,province_state,NA
NA,NA,NA,Smolensk Oblast,Smolensk Oblast,NA,NA,NA,10,23,208,NA,NA,NA,NA,Russia,province_state,NA
NA,NA,NA,Stavropol Krai,Stavropol Krai,NA,NA,NA,10,23,391,NA,NA,NA,NA,Russia,province_state,NA
NA,NA,NA,Sverdlovsk Oblast,Sverdlovsk Oblast,NA,NA,NA,10,23,728,NA,NA,NA,NA,Russia,province_state,NA
NA,NA,NA,Tambov Oblast,Tambov Oblast,NA,NA,NA,10,23,46,NA,NA,NA,NA,Russia,province_state,NA
NA,NA,NA,Tatarstan Republic,Tatarstan Republic,NA,NA,NA,10,23,104,NA,NA,NA,NA,Russia,province_state,NA
NA,NA,NA,Tomsk Oblast,Tomsk Oblast,NA,NA,NA,10,23,106,NA,NA,NA,NA,Russia,province_state,NA
NA,NA,NA,Tula Oblast,Tula Oblast,NA,NA,NA,10,23,404,NA,NA,NA,NA,Russia,province_state,NA
NA,NA,NA,Tver Oblast,Tver Oblast,NA,NA,NA,10,23,296,NA,NA,NA,NA,Russia,province_state,NA
NA,NA,NA,Tyumen Oblast,Tyumen Oblast,NA,NA,NA,10,23,56,NA,NA,NA,NA,Russia,province_state,NA
NA,NA,NA,Tyva Republic,Tyva Republic,NA,NA,NA,10,23,111,NA,NA,NA,NA,Russia,province_state,NA
NA,NA,NA,Udmurt Republic,Udmurt Republic,NA,NA,NA,10,23,117,NA,NA,NA,NA,Russia,province_state,NA
NA,NA,NA,Ulyanovsk Oblast,Ulyanovsk Oblast,NA,NA,NA,10,23,230,NA,NA,NA,NA,Russia,province_state,NA
NA,NA,NA,Vladimir Oblast,Vladimir Oblast,NA,NA,NA,10,23,246,NA,NA,NA,NA,Russia,province_state,NA
NA,NA,NA,Volgograd Oblast,Volgograd Oblast,NA,NA,NA,10,23,186,NA,NA,NA,NA,Russia,province_state,NA
NA,NA,NA,Vologda Oblast,Vologda Oblast,NA,NA,NA,10,23,61,NA,NA,NA,NA,Russia,province_state,NA
NA,NA,NA,Voronezh Oblast,Voronezh Oblast,NA,NA,NA,10,23,259,NA,NA,NA,NA,Russia,province_state,NA
NA,NA,NA,Yamalo-Nenets Autonomous Okrug,Yamalo-Nenets Autonomous Okrug,NA,NA,NA,10,23,114,NA,NA,NA,NA,Russia,province_state,NA
NA,NA,NA,Yaroslavl Oblast,Yaroslavl Oblast,NA,NA,NA,10,23,55,NA,NA,NA,NA,Russia,province_state,NA
NA,NA,NA,Zabaykalsky Krai,Zabaykalsky Krai,NA,NA,NA,10,23,99,NA,NA,NA,NA,Russia,province_state,NA
NA,NA,ES01,Andalucia,Andalusia,Spain,Andalucia,ES01,10,23,2183,2604.24648623773,01,01,2020_10_22,Spain,province_state,NA
NA,NA,ES02,Aragon,Aragon,Spain,Aragon,ES02,10,23,1559,1652.71062159129,01,01,2020_10_22,Spain,province_state,NA
NA,NA,ES03,Asturias (Principado de),Asturias,Spain,Asturias,ES03,10,23,383,1208.7839958401,01,01,2020_10_22,Spain,province_state,NA
NA,NA,ES04,Balears (Illes),Baleares,Spain,Balearic Islands,ES04,10,23,344,530.677088738728,01,01,2020_10_22,Spain,province_state,NA
NA,NA,ES10,Comunitat Valenciana,C. Valenciana,Spain,Valencian Community,ES10,10,23,1709,2335.52899873227,01,01,2020_10_22,Spain,province_state,NA
NA,NA,ES05,Canarias,Canarias,Spain,Canary Islands,ES05,10,23,266,420.597851678788,01,01,2020_10_22,Spain,province_state,NA
NA,NA,ES06,Cantabria,Cantabria,Spain,Cantabria,ES06,10,23,248,332.134831784501,01,01,2020_10_22,Spain,province_state,NA
NA,NA,ES08,Castilla-La Mancha,Castilla - La Mancha,Spain,Castilla-La Mancha,ES08,10,23,3336,4138.85332205642,01,01,2020_10_22,Spain,province_state,NA
NA,NA,ES07,Castilla y Leon,Castilla y Leon,Spain,Castile and Leon,ES07,10,23,3421,3921.30297916104,01,01,2020_10_22,Spain,province_state,NA
NA,NA,ES09,Catalunia,Catalonia,Spain,Catalonia,ES09,10,23,5958,6681.53037273332,01,01,2020_10_22,Spain,province_state,NA
NA,NA,ES18,Ceuta,Ceuta,Spain,NA,NA,10,23,13,NA,NA,NA,NA,Spain,province_state,NA
NA,NA,ES11,Extremadura,Extremadura,Spain,Extremadura,ES11,10,23,670,1108.23710908774,01,01,2020_10_22,Spain,province_state,NA
NA,NA,ES12,Galicia,Galicia,Spain,Galicia,ES12,10,23,850,2071.23054965703,01,01,2020_10_22,Spain,province_state,NA
NA,NA,ES17,"Rioja, La",La Rioja,Spain,La Rioja,ES17,10,23,441,509.561604963023,01,01,2020_10_22,Spain,province_state,NA
NA,NA,ES13,Madrid (Comunidad de),Madrid,Spain,Community of Madrid,ES13,10,23,10155,14017.9926869856,01,01,2020_10_22,Spain,province_state,NA
NA,NA,ES19,Melilla,Melilla,Spain,NA,NA,10,23,11,NA,NA,NA,NA,Spain,province_state,NA
NA,NA,ES14,Murcia (Region de),Murcia,Spain,Murcia,ES14,10,23,279,159.533613109867,01,01,2020_10_22,Spain,province_state,NA
NA,NA,ES15,Navarra (C. Foral de),Navarra,Spain,Navarre,ES15,10,23,666,1250.90448978141,01,01,2020_10_22,Spain,province_state,NA
NA,NA,ES16,Pais Vasco,Pais Vasco,Spain,Basque Country,ES16,10,23,2029,2916.71124812952,01,01,2020_10_22,Spain,province_state,NA
NA,NA,NA,Unknown,Unknown,NA,NA,NA,10,23,0,NA,NA,NA,NA,Spain,province_state,NA
NA,NA,NA,Blekinge,Blekinge,NA,NA,NA,10,23,18,NA,NA,NA,NA,Sweden,province_state,NA
NA,NA,NA,Dalarna,Dalarna,NA,NA,NA,10,23,183,NA,NA,NA,NA,Sweden,province_state,NA
NA,NA,NA,Gavleborg,Gavleborg,NA,NA,NA,10,23,170,NA,NA,NA,NA,Sweden,province_state,NA
NA,NA,NA,Gotland,Gotland,NA,NA,NA,10,23,6,NA,NA,NA,NA,Sweden,province_state,NA
NA,NA,NA,Halland,Halland,NA,NA,NA,10,23,89,NA,NA,NA,NA,Sweden,province_state,NA
NA,NA,NA,Jamtland Harjedalen,Jamtland Harjedalen,NA,NA,NA,10,23,64,NA,NA,NA,NA,Sweden,province_state,NA
NA,NA,NA,Jonkoping,Jonkoping,NA,NA,NA,10,23,183,NA,NA,NA,NA,Sweden,province_state,NA
NA,NA,NA,Kalmar,Kalmar,NA,NA,NA,10,23,64,NA,NA,NA,NA,Sweden,province_state,NA
NA,NA,NA,Kronoberg,Kronoberg,NA,NA,NA,10,23,110,NA,NA,NA,NA,Sweden,province_state,NA
NA,NA,NA,Norrbotten,Norrbotten,NA,NA,NA,10,23,88,NA,NA,NA,NA,Sweden,province_state,NA
NA,NA,NA,Orebro,Orebro,NA,NA,NA,10,23,172,NA,NA,NA,NA,Sweden,province_state,NA
NA,NA,NA,Ostergotland,Ostergotland,NA,NA,NA,10,23,279,NA,NA,NA,NA,Sweden,province_state,NA
NA,NA,NA,Skane,Skane,NA,NA,NA,10,23,283,NA,NA,NA,NA,Sweden,province_state,NA
NA,NA,NA,Sormland,Sormland,NA,NA,NA,10,23,255,NA,NA,NA,NA,Sweden,province_state,NA
NA,NA,NA,Stockholm,Stockholm,NA,NA,NA,10,23,2421,NA,NA,NA,NA,Sweden,province_state,NA
NA,NA,NA,Uppsala,Uppsala,NA,NA,NA,10,23,247,NA,NA,NA,NA,Sweden,province_state,NA
NA,NA,NA,Varmland,Varmland,NA,NA,NA,10,23,75,NA,NA,NA,NA,Sweden,province_state,NA
NA,NA,NA,Vasterbotten,Vasterbotten,NA,NA,NA,10,23,31,NA,NA,NA,NA,Sweden,province_state,NA
NA,NA,NA,Vasternorrland,Vasternorrland,NA,NA,NA,10,23,137,NA,NA,NA,NA,Sweden,province_state,NA
NA,NA,NA,Vastmanland,Vastmanland,NA,NA,NA,10,23,184,NA,NA,NA,NA,Sweden,province_state,NA
NA,NA,NA,Vastra Gotaland,Vastra Gotaland,NA,NA,NA,10,23,871,NA,NA,NA,NA,Sweden,province_state,NA
NA,NA,NA,Cherkasy Oblast,Cherkasy Oblast,NA,NA,NA,10,23,76,NA,NA,NA,NA,Ukraine,province_state,NA
NA,NA,NA,Chernihiv Oblast,Chernihiv Oblast,NA,NA,NA,10,23,87,NA,NA,NA,NA,Ukraine,province_state,NA
NA,NA,NA,Chernivtsi Oblast,Chernivtsi Oblast,NA,NA,NA,10,23,419,NA,NA,NA,NA,Ukraine,province_state,NA
NA,NA,NA,Crimea Republic*,Crimea Republic*,NA,NA,NA,10,23,115,NA,NA,NA,NA,Ukraine,province_state,NA
NA,NA,NA,Dnipropetrovsk Oblast,Dnipropetrovsk Oblast,NA,NA,NA,10,23,285,NA,NA,NA,NA,Ukraine,province_state,NA
NA,NA,NA,Donetsk Oblast,Donetsk Oblast,NA,NA,NA,10,23,84,NA,NA,NA,NA,Ukraine,province_state,NA
NA,NA,NA,Ivano-Frankivsk Oblast,Ivano-Frankivsk Oblast,NA,NA,NA,10,23,399,NA,NA,NA,NA,Ukraine,province_state,NA
NA,NA,NA,Kharkiv Oblast,Kharkiv Oblast,NA,NA,NA,10,23,472,NA,NA,NA,NA,Ukraine,province_state,NA
NA,NA,NA,Kherson Oblast,Kherson Oblast,NA,NA,NA,10,23,60,NA,NA,NA,NA,Ukraine,province_state,NA
NA,NA,NA,Khmelnytskyi Oblast,Khmelnytskyi Oblast,NA,NA,NA,10,23,191,NA,NA,NA,NA,Ukraine,province_state,NA
NA,NA,NA,Kiev,Kiev,NA,NA,NA,10,23,642,NA,NA,NA,NA,Ukraine,province_state,NA
NA,NA,NA,Kiev Oblast,Kiev Oblast,NA,NA,NA,10,23,303,NA,NA,NA,NA,Ukraine,province_state,NA
NA,NA,NA,Kirovohrad Oblast,Kirovohrad Oblast,NA,NA,NA,10,23,75,NA,NA,NA,NA,Ukraine,province_state,NA
NA,NA,NA,Luhansk Oblast,Luhansk Oblast,NA,NA,NA,10,23,53,NA,NA,NA,NA,Ukraine,province_state,NA
NA,NA,NA,Lviv Oblast,Lviv Oblast,NA,NA,NA,10,23,740,NA,NA,NA,NA,Ukraine,province_state,NA
NA,NA,NA,Mykolaiv Oblast,Mykolaiv Oblast,NA,NA,NA,10,23,121,NA,NA,NA,NA,Ukraine,province_state,NA
NA,NA,NA,Odessa Oblast,Odessa Oblast,NA,NA,NA,10,23,311,NA,NA,NA,NA,Ukraine,province_state,NA
NA,NA,NA,Poltava Oblast,Poltava Oblast,NA,NA,NA,10,23,134,NA,NA,NA,NA,Ukraine,province_state,NA
NA,NA,NA,Rivne Oblast,Rivne Oblast,NA,NA,NA,10,23,206,NA,NA,NA,NA,Ukraine,province_state,NA
NA,NA,NA,Sevastopol*,Sevastopol*,NA,NA,NA,10,23,55,NA,NA,NA,NA,Ukraine,province_state,NA
NA,NA,NA,Sumy Oblast,Sumy Oblast,NA,NA,NA,10,23,142,NA,NA,NA,NA,Ukraine,province_state,NA
NA,NA,NA,Ternopil Oblast,Ternopil Oblast,NA,NA,NA,10,23,234,NA,NA,NA,NA,Ukraine,province_state,NA
NA,NA,NA,Vinnytsia Oblast,Vinnytsia Oblast,NA,NA,NA,10,23,153,NA,NA,NA,NA,Ukraine,province_state,NA
NA,NA,NA,Volyn Oblast,Volyn Oblast,NA,NA,NA,10,23,233,NA,NA,NA,NA,Ukraine,province_state,NA
NA,NA,NA,Zakarpattia Oblast,Zakarpattia Oblast,NA,NA,NA,10,23,343,NA,NA,NA,NA,Ukraine,province_state,NA
NA,NA,NA,Zaporizhia Oblast,Zaporizhia Oblast,NA,NA,NA,10,23,97,NA,NA,NA,NA,Ukraine,province_state,NA
NA,NA,NA,Zhytomyr Oblast,Zhytomyr Oblast,NA,NA,NA,10,23,183,NA,NA,NA,NA,Ukraine,province_state,NA
NA,NA,AIA,Anguilla,Anguilla,Cntry/Terr,NA,NA,10,23,0,NA,NA,NA,NA,United Kingdom,province_state,NA
NA,NA,BMU,Bermuda,Bermuda,Cntry/Terr,NA,NA,10,23,9,NA,NA,NA,NA,United Kingdom,province_state,NA
NA,NA,VGB,British Virgin Islands,British Virgin Islands,Cntry/Terr,NA,NA,10,23,1,NA,NA,NA,NA,United Kingdom,province_state,NA
NA,NA,CYM,Cayman Islands,Cayman Islands,Cntry/Terr,NA,NA,10,23,1,NA,NA,NA,NA,United Kingdom,province_state,NA
NA,NA,CHI,Channel Islands,Channel Islands,Cntry/Terr,NA,NA,10,23,48,NA,NA,NA,NA,United Kingdom,province_state,NA
NA,NA,NA,England,England,NA,NA,NA,10,23,39300,NA,NA,NA,NA,United Kingdom,province_state,NA
NA,NA,FLK,Falkland Islands (Malvinas),Falkland Islands (Malvinas),Cntry/Terr,NA,NA,10,23,0,NA,NA,NA,NA,United Kingdom,province_state,NA
NA,NA,GIB,Gilbraltar,Gibraltar,Cntry/Terr,NA,NA,10,23,0,NA,NA,NA,NA,United Kingdom,province_state,NA
NA,NA,IMN,Isle of Man,Isle of Man,Cntry/Terr,NA,NA,10,23,24,NA,NA,NA,NA,United Kingdom,province_state,NA
NA,NA,MSR,Montserrat,Montserrat,Cntry/Terr,NA,NA,10,23,1,NA,NA,NA,NA,United Kingdom,province_state,NA
NA,NA,NA,Northern Ireland,Northern Ireland,NA,NA,NA,10,23,634,NA,NA,NA,NA,United Kingdom,province_state,NA
NA,NA,NA,Scotland,Scotland,NA,NA,NA,10,23,2670,NA,NA,NA,NA,United Kingdom,province_state,NA
NA,NA,TCA,Turks and Caicos Islands,Turks and Caicos Islands,Cntry/Terr,NA,NA,10,23,6,NA,NA,NA,NA,United Kingdom,province_state,NA
NA,NA,NA,Unknown,Unknown,NA,NA,NA,10,23,0,NA,NA,NA,NA,United Kingdom,province_state,NA
NA,NA,NA,Wales,Wales,NA,NA,NA,10,23,1743,NA,NA,NA,NA,United Kingdom,province_state,NA
NA,NA,US01,Alabama,Alabama,U.S.A.,Alabama,US01,10,23,2843,5887.72093779515,01,01,2020_10_22,US,province_state,NA
NA,NA,US02,Alaska,Alaska,U.S.A.,Alaska,US02,10,23,68,175.289997995322,01,01,2020_10_22,US,province_state,NA
NA,NA,US04,Arizona,Arizona,U.S.A.,Arizona,US04,10,23,5859,6741.08641373812,01,01,2020_10_22,US,province_state,NA
NA,NA,US05,Arkansas,Arkansas,U.S.A.,Arkansas,US05,10,23,1772,3471.54338697826,01,01,2020_10_22,US,province_state,NA
NA,NA,US06,California,California,U.S.A.,California,US06,10,23,17256,23625.0764531606,01,01,2020_10_22,US,province_state,NA
NA,NA,US08,Colorado,Colorado,U.S.A.,Colorado,US08,10,23,2198,4234.38498528536,01,01,2020_10_22,US,province_state,NA
NA,NA,US09,Connecticut,Connecticut,U.S.A.,Connecticut,US09,10,23,4569,4770.93981270695,01,01,2020_10_22,US,province_state,NA
NA,NA,US10,Delaware,Delaware,U.S.A.,Delaware,US10,10,23,670,859.074660395626,01,01,2020_10_22,US,province_state,NA
NA,NA,NA,Diamond Princess,Diamond Princess,NA,NA,NA,10,23,0,NA,NA,NA,NA,US,province_state,NA
NA,NA,US11,District of Columbia,District of Columbia,U.S.A.,District of Columbia,US11,10,23,642,789.741387884913,01,01,2020_10_22,US,province_state,NA
NA,NA,US12,Florida,Florida,U.S.A.,Florida,US12,10,23,16267,26122.6632168861,01,01,2020_10_22,US,province_state,NA
NA,NA,US13,Georgia (USA),Georgia,U.S.A.,Georgia,US13,10,23,7729,1859.42733140977,01,01,2020_10_22,US,province_state,NA
NA,NA,US13,Georgia (USA),Georgia,U.S.A.,Georgia,US13,10,23,7729,11166.5957507668,01,01,2020_10_22,US,province_state,NA
NA,NA,NA,Grand Princess,Grand Princess,NA,NA,NA,10,23,3,NA,NA,NA,NA,US,province_state,NA
NA,NA,GUM,Guam,Guam,Cntry/Terr,Guam,GUM,10,23,69,87.7107947155946,01,01,2020_10_22,US,province_state,NA
NA,NA,US15,Hawaii,Hawaii,U.S.A.,Hawaii,US15,10,23,206,420.713710095158,01,01,2020_10_22,US,province_state,NA
NA,NA,US16,Idaho,Idaho,U.S.A.,Idaho,US16,10,23,553,853.533267600971,01,01,2020_10_22,US,province_state,NA
NA,NA,US17,Illinois,Illinois,U.S.A.,Illinois,US17,10,23,9647,15525.1391136777,01,01,2020_10_22,US,province_state,NA
NA,NA,US18,Indiana,Indiana,U.S.A.,Indiana,US18,10,23,4065,7703.05392551096,01,01,2020_10_22,US,province_state,NA
NA,NA,US19,Iowa,Iowa,U.S.A.,Iowa,US19,10,23,1601,3067.81953613209,01,01,2020_10_22,US,province_state,NA
NA,NA,US20,Kansas,Kansas,U.S.A.,Kansas,US20,10,23,937,2812.81167187238,01,01,2020_10_22,US,province_state,NA
NA,NA,US21,Kentucky,Kentucky,U.S.A.,Kentucky,US21,10,23,1380,2673.54905264624,01,01,2020_10_22,US,province_state,NA
NA,NA,US22,Louisiana,Louisiana,U.S.A.,Louisiana,US22,10,23,5799,7486.1708575894,01,01,2020_10_22,US,province_state,NA
NA,NA,US23,Maine,Maine,U.S.A.,Maine,US23,10,23,146,172.792593093507,01,01,2020_10_22,US,province_state,NA
NA,NA,US24,Maryland,Maryland,U.S.A.,Maryland,US24,10,23,4070,5228.94811533322,01,01,2020_10_22,US,province_state,NA
NA,NA,US25,Massachusetts,Massachusetts,U.S.A.,Massachusetts,US25,10,23,9810,11952.9211158956,01,01,2020_10_22,US,province_state,NA
NA,NA,US26,Michigan,Michigan,U.S.A.,Michigan,US26,10,23,7464,11510.693145556,01,01,2020_10_22,US,province_state,NA
NA,NA,US27,Minnesota,Minnesota,U.S.A.,Minnesota,US27,10,23,2354,4861.04152018576,01,01,2020_10_22,US,province_state,NA
NA,NA,US28,Mississippi,Mississippi,U.S.A.,Mississippi,US28,10,23,3231,4673.97185315036,01,01,2020_10_22,US,province_state,NA
NA,NA,US29,Missouri,Missouri,U.S.A.,Missouri,US29,10,23,2665,4912.70599032505,01,01,2020_10_22,US,province_state,NA
NA,NA,US30,Montana,Montana,U.S.A.,Montana,US30,10,23,278,951.854359430636,01,01,2020_10_22,US,province_state,NA
NA,NA,US31,Nebraska,Nebraska,U.S.A.,Nebraska,US31,10,23,587,1094.95478248843,01,01,2020_10_22,US,province_state,NA
NA,NA,US32,Nevada,Nevada,U.S.A.,Nevada,US32,10,23,1736,3143.24732002811,01,01,2020_10_22,US,province_state,NA
NA,NA,US33,New Hampshire,New Hampshire,U.S.A.,New Hampshire,US33,10,23,470,1434.07233804772,01,01,2020_10_22,US,province_state,NA
NA,NA,US34,New Jersey,New Jersey,U.S.A.,New Jersey,US34,10,23,16263,16664.6746200227,01,01,2020_10_22,US,province_state,NA
NA,NA,US35,New Mexico,New Mexico,U.S.A.,New Mexico,US35,10,23,953,1930.69128923667,01,01,2020_10_22,US,province_state,NA
NA,NA,US36,New York,New York,U.S.A.,New York,US36,10,23,33396,35165.9195483166,01,01,2020_10_22,US,province_state,NA
NA,NA,US37,North Carolina,North Carolina,U.S.A.,North Carolina,US37,10,23,4082,6754.00835013885,01,01,2020_10_22,US,province_state,NA
NA,NA,US38,North Dakota,North Dakota,U.S.A.,North Dakota,US38,10,23,431,1049.25467006737,01,01,2020_10_22,US,province_state,NA
NA,NA,MNP,Northern Marianas,Northern Mariana Islands,Cntry/Terr,NA,NA,10,23,2,NA,NA,NA,NA,US,province_state,NA
NA,NA,US39,Ohio,Ohio,U.S.A.,Ohio,US39,10,23,5161,7846.71552709975,01,01,2020_10_22,US,province_state,NA
NA,NA,US40,Oklahoma,Oklahoma,U.S.A.,Oklahoma,US40,10,23,1221,2802.91915115766,01,01,2020_10_22,US,province_state,NA
NA,NA,US41,Oregon,Oregon,U.S.A.,Oregon,US41,10,23,635,1144.10020162559,01,01,2020_10_22,US,province_state,NA
NA,NA,US42,Pennsylvania,Pennsylvania,U.S.A.,Pennsylvania,US42,10,23,8574,13876.8275816989,01,01,2020_10_22,US,province_state,NA
NA,NA,PRI,Puerto Rico,Puerto Rico,Cntry/Terr,Puerto Rico,PRI,10,23,783,1435.99022973608,01,01,2020_10_22,US,province_state,NA
NA,NA,NA,Recovered,Recovered,NA,NA,NA,10,23,0,NA,NA,NA,NA,US,province_state,NA
NA,NA,US44,Rhode Island,Rhode Island,U.S.A.,Rhode Island,US44,10,23,1173,1519.01919170986,01,01,2020_10_22,US,province_state,NA
NA,NA,US45,South Carolina,South Carolina,U.S.A.,South Carolina,US45,10,23,3755,5485.78224282099,01,01,2020_10_22,US,province_state,NA
NA,NA,US46,South Dakota,South Dakota,U.S.A.,South Dakota,US46,10,23,347,790.832205787908,01,01,2020_10_22,US,province_state,NA
NA,NA,US47,Tennessee,Tennessee,U.S.A.,Tennessee,US47,10,23,3011,6067.81342497052,01,01,2020_10_22,US,province_state,NA
NA,NA,US48,Texas,Texas,U.S.A.,Texas,US48,10,23,17659,24515.2953489209,01,01,2020_10_22,US,province_state,NA
NA,NA,US49,Utah,Utah,U.S.A.,Utah,US49,10,23,563,1644.88921829006,01,01,2020_10_22,US,province_state,NA
NA,NA,US50,Vermont,Vermont,U.S.A.,Vermont,US50,10,23,58,62.1000005582715,01,01,2020_10_22,US,province_state,NA
NA,NA,VIR,United States Virgin Islands,Virgin Islands,Cntry/Terr,United States Virgin Islands,VIR,10,23,21,26.8797191450262,01,01,2020_10_22,US,province_state,NA
NA,NA,US51,Virginia,Virginia,U.S.A.,Virginia,US51,10,23,3520,4392.24109402219,01,01,2020_10_22,US,province_state,NA
NA,NA,US53,Washington,Washington,U.S.A.,Washington,US53,10,23,2289,3115.35473975678,01,01,2020_10_22,US,province_state,NA
NA,NA,US54,West Virginia,West Virginia,U.S.A.,West Virginia,US54,10,23,420,712.606203680219,01,01,2020_10_22,US,province_state,NA
NA,NA,US55,Wisconsin,Wisconsin,U.S.A.,Wisconsin,US55,10,23,1703,4770.90444037823,01,01,2020_10_22,US,province_state,NA
NA,NA,US56,Wyoming,Wyoming,U.S.A.,Wyoming,US56,10,23,68,99.2657858185253,01,01,2020_10_22,US,province_state,NA
AF,AFG,AFG,Afghanistan,Afghanistan,Cntry/Terr,Afghanistan,AFG,10,23,1505,1983.74047305545,01,01,2020_10_22,NA,country_region,38928341
AL,ALB,ALB,Albania,Albania,Cntry/Terr,Albania,ALB,10,23,465,1653.70005890343,01,01,2020_10_22,NA,country_region,2877800
DZ,DZA,DZA,Algeria,Algeria,Cntry/Terr,Algeria,DZA,10,23,1888,3575.15092383214,01,01,2020_10_22,NA,country_region,43851043
AD,AND,AND,Andorra,Andorra,Cntry/Terr,Andorra,AND,10,23,63,93.8740485321,01,01,2020_10_22,NA,country_region,77265
AO,AGO,AGO,Angola,Angola,Cntry/Terr,Angola,AGO,10,23,260,683.350995646977,01,01,2020_10_22,NA,country_region,32866268
AG,ATG,ATG,Antigua and Barbuda,Antigua and Barbuda,Cntry/Terr,NA,NA,10,23,3,NA,NA,NA,NA,NA,country_region,97928
AR,ARG,ARG,Argentina,Argentina,Cntry/Terr,Argentina,ARG,10,23,27957,40997.1372095515,01,01,2020_10_22,NA,country_region,45195777
AM,ARM,ARM,Armenia,Armenia,Cntry/Terr,Armenia,ARM,10,23,1131,2891.88992099127,01,01,2020_10_22,NA,country_region,2963234
AU,AUS,AUS,Australia,Australia,Cntry/Terr,Australia,AUS,10,23,905,1163.12832579938,01,01,2020_10_22,NA,country_region,25459700
AT,AUT,AUT,Austria,Austria,Cntry/Terr,Austria,AUT,10,23,941,4072.71899323788,01,01,2020_10_22,NA,country_region,9006400
AZ,AZE,AZE,Azerbaijan,Azerbaijan,Cntry/Terr,Azerbaijan,AZE,10,23,648,1596.71777620146,01,01,2020_10_22,NA,country_region,10139175
BS,BHS,BHS,Bahamas,Bahamas,Cntry/Terr,Bahamas,BHS,10,23,130,226.703552452885,01,01,2020_10_22,NA,country_region,393248
BH,BHR,BHR,Bahrain,Bahrain,Cntry/Terr,Bahrain,BHR,10,23,308,798.710639061179,01,01,2020_10_22,NA,country_region,1701583
BD,BGD,BGD,Bangladesh,Bangladesh,Cntry/Terr,Bangladesh,BGD,10,23,5747,7708.13081948802,01,01,2020_10_22,NA,country_region,164689383
BB,BRB,BRB,Barbados,Barbados,Cntry/Terr,Barbados,BRB,10,23,7,8.56126975289647,01,01,2020_10_22,NA,country_region,287371
BY,BLR,BLR,Belarus,Belarus,Cntry/Terr,Belarus,BLR,10,23,945,2138.86852854523,01,01,2020_10_22,NA,country_region,9449321
BE,BEL,BEL,Belgium,Belgium,Cntry/Terr,Belgium,BEL,10,23,10588,21409.0952525833,01,01,2020_10_22,NA,country_region,11589616
BZ,BLZ,BLZ,Belize,Belize,Cntry/Terr,NA,NA,10,23,46,NA,NA,NA,NA,NA,country_region,397621
BJ,BEN,BEN,Benin,Benin,Cntry/Terr,Benin,BEN,10,23,41,48.6590523381591,01,01,2020_10_22,NA,country_region,12123198
BT,BTN,BTN,Bhutan,Bhutan,Cntry/Terr,NA,NA,10,23,0,NA,NA,NA,NA,NA,country_region,771612
BO,BOL,BOL,Bolivia (Plurinational State of),Bolivia,Cntry/Terr,Bolivia (Plurinational State of),BOL,10,23,8584,9194.27877478086,01,01,2020_10_22,NA,country_region,11673029
BA,BIH,BIH,Bosnia and Herzegovina,Bosnia and Herzegovina,Cntry/Terr,Bosnia and Herzegovina,BIH,10,23,1051,2390.7829341243,01,01,2020_10_22,NA,country_region,3280815
BW,BWA,BWA,Botswana,Botswana,Cntry/Terr,NA,NA,10,23,21,NA,NA,NA,NA,NA,country_region,2351625
BR,BRA,BRA,Brazil,Brazil,Cntry/Terr,Brazil,BRA,10,23,155900,176956.408760545,01,01,2020_10_22,NA,country_region,212559409
BN,BRN,BRN,Brunei Darussalam,Brunei,Cntry/Terr,NA,NA,10,23,3,NA,NA,NA,NA,NA,country_region,437483
BG,BGR,BGR,Bulgaria,Bulgaria,Cntry/Terr,Bulgaria,BGR,10,23,1064,4573.82329982767,01,01,2020_10_22,NA,country_region,6948445
BF,BFA,BFA,Burkina Faso,Burkina Faso,Cntry/Terr,Burkina Faso,BFA,10,23,65,103.871282345832,01,01,2020_10_22,NA,country_region,20903278
MM,MMR,MMR,Myanmar,Burma,Cntry/Terr,Myanmar,MMR,10,23,1005,8226.99805811435,01,01,2020_10_22,NA,country_region,54409794
BI,BDI,BDI,Burundi,Burundi,Cntry/Terr,NA,NA,10,23,1,NA,NA,NA,NA,NA,country_region,11890781
CV,CPV,CPV,Cabo Verde,Cabo Verde,Cntry/Terr,Cabo Verde,CPV,10,23,91,297.228939548942,01,01,2020_10_22,NA,country_region,555988
KH,KHM,KHM,Cambodia,Cambodia,Cntry/Terr,NA,NA,10,23,0,NA,NA,NA,NA,NA,country_region,16718971
CM,CMR,CMR,Cameroon,Cameroon,Cntry/Terr,Cameroon,CMR,10,23,425,475.737128395483,01,01,2020_10_22,NA,country_region,26545864
CA,CAN,CAN,Canada,Canada,Cntry/Terr,Canada,CAN,10,23,9916,20133.2381523039,01,01,2020_10_22,NA,country_region,37855702
CF,CAF,CAF,Central African Republic,Central African Republic,Cntry/Terr,Central African Republic,CAF,10,23,62,69.1642806246505,01,01,2020_10_22,NA,country_region,4829764
TD,TCD,TCD,Chad,Chad,Cntry/Terr,Chad,TCD,10,23,96,257.498461119218,01,01,2020_10_22,NA,country_region,16425859
CL,CHL,CHL,Chile,Chile,Cntry/Terr,Chile,CHL,10,23,13792,15345.2048707665,01,01,2020_10_22,NA,country_region,19116209
CN,CHN,CHN,China,China,Cntry/Terr,China,CHN,10,23,4739,4874.74062278662,01,01,2020_10_22,NA,country_region,1404676330
CO,COL,COL,Colombia,Colombia,Cntry/Terr,Colombia,COL,10,23,29637,40104.4039822035,01,01,2020_10_22,NA,country_region,50882884
KM,COM,COM,Comoros,Comoros,Cntry/Terr,Comoros,COM,10,23,7,7.83165480862572,01,01,2020_10_22,NA,country_region,869595
CG,COG,COG,Congo,Congo (Brazzaville),Cntry/Terr,Congo,COG,10,23,92,134.113739940709,01,01,2020_10_22,NA,country_region,5518092
CD,COD,COD,Democratic Republic of the Congo,Congo (Kinshasa),Cntry/Terr,Democratic Republic of the Congo,COD,10,23,304,377.438302278556,01,01,2020_10_22,NA,country_region,89561404
CR,CRI,CRI,Costa Rica,Costa Rica,Cntry/Terr,Costa Rica,CRI,10,23,1251,2541.27847003749,01,01,2020_10_22,NA,country_region,5094114
CI,CIV,CIV,Cote d'Ivoire,Cote d'Ivoire,Cntry/Terr,Cote d'Ivoire,CIV,10,23,121,229.201673256189,01,01,2020_10_22,NA,country_region,26378275
HR,HRV,HRV,Croatia,Croatia,Cntry/Terr,Croatia,HRV,10,23,406,2342.85710724906,01,01,2020_10_22,NA,country_region,4105268
CU,CUB,CUB,Cuba,Cuba,Cntry/Terr,Cuba,CUB,10,23,128,245.138848534642,01,01,2020_10_22,NA,country_region,11326616
CY,CYP,CYP,Cyprus,Cyprus,Cntry/Terr,Cyprus,CYP,10,23,25,60.6906973670061,01,01,2020_10_22,NA,country_region,1207361
CZ,CZE,CZE,Czechia,Czechia,Cntry/Terr,Czechia,CZE,10,23,1845,12442.4800485339,01,01,2020_10_22,NA,country_region,10708982
DK,DNK,DNK,Denmark,Denmark,Cntry/Terr,Denmark,DNK,10,23,694,1280.49552329337,01,01,2020_10_22,NA,country_region,5792203
NA,NA,NA,Diamond Princess,Diamond Princess,NA,NA,NA,10,23,13,NA,NA,NA,NA,NA,country_region,NA
DJ,DJI,DJI,Djibouti,Djibouti,Cntry/Terr,Djibouti,DJI,10,23,61,63.6044564663439,01,01,2020_10_22,NA,country_region,988002
DM,DMA,DMA,Dominica,Dominica,Cntry/Terr,NA,NA,10,23,0,NA,NA,NA,NA,NA,country_region,71991
DO,DOM,DOM,Dominican Republic,Dominican Republic,Cntry/Terr,Dominican Republic,DOM,10,23,2212,2367.31634449005,01,01,2020_10_22,NA,country_region,10847904
EC,ECU,ECU,Ecuador,Ecuador,Cntry/Terr,Ecuador,ECU,10,23,12500,19893.2222603432,01,01,2020_10_22,NA,country_region,17643060
EG,EGY,EGY,Egypt,Egypt,Cntry/Terr,Egypt,EGY,10,23,6166,7037.61154751028,01,01,2020_10_22,NA,country_region,102334403
SV,SLV,SLV,El Salvador,El Salvador,Cntry/Terr,El Salvador,SLV,10,23,936,1942.27094973861,01,01,2020_10_22,NA,country_region,6486201
GQ,GNQ,GNQ,Equatorial Guinea,Equatorial Guinea,Cntry/Terr,Equatorial Guinea,GNQ,10,23,83,83.9025189070395,01,01,2020_10_22,NA,country_region,1402985
ER,ERI,ERI,Eritrea,Eritrea,Cntry/Terr,NA,NA,10,23,0,NA,NA,NA,NA,NA,country_region,3546427
EE,EST,EST,Estonia,Estonia,Cntry/Terr,Estonia,EST,10,23,71,96.8347623800957,01,01,2020_10_22,NA,country_region,1326539
SZ,SWZ,SWZ,Eswatini,Eswatini,Cntry/Terr,Eswatini,SWZ,10,23,116,134.32868891162,01,01,2020_10_22,NA,country_region,1160164
ET,ETH,ETH,Ethiopia,Ethiopia,Cntry/Terr,Ethiopia,ETH,10,23,1396,2450.22674065997,01,01,2020_10_22,NA,country_region,114963583
FJ,FJI,FJI,Fiji,Fiji,Cntry/Terr,NA,NA,10,23,2,NA,NA,NA,NA,NA,country_region,896444
FI,FIN,FIN,Finland,Finland,Cntry/Terr,Finland,FIN,10,23,355,473.671980599668,01,01,2020_10_22,NA,country_region,5540718
FR,FRA,FRA,France,France,Cntry/Terr,France,FRA,10,23,34237,68851.9380981856,01,01,2020_10_22,NA,country_region,65273512
GA,GAB,GAB,Gabon,Gabon,Cntry/Terr,Gabon,GAB,10,23,54,57.7457736874557,01,01,2020_10_22,NA,country_region,2225728
GM,GMB,GMB,Gambia,Gambia,Cntry/Terr,Gambia,GMB,10,23,119,186.007865532898,01,01,2020_10_22,NA,country_region,2416664
GE,GEO,GEO,Georgia,Georgia,Cntry/Terr,Georgia,GEO,10,23,178,1859.42733140977,01,01,2020_10_22,NA,country_region,3989175
GE,GEO,GEO,Georgia,Georgia,Cntry/Terr,Georgia,GEO,10,23,178,11166.5957507668,01,01,2020_10_22,NA,country_region,3989175
DE,DEU,DEU,Germany,Germany,Cntry/Terr,Germany,DEU,10,23,9960,27902.9480434754,01,01,2020_10_22,NA,country_region,83783945
GH,GHA,GHA,Ghana,Ghana,Cntry/Terr,Ghana,GHA,10,23,312,471.031615220532,01,01,2020_10_22,NA,country_region,31072945
GR,GRC,GRC,Greece,Greece,Cntry/Terr,Greece,GRC,10,23,549,4212.00102579455,01,01,2020_10_22,NA,country_region,10423056
GD,GRD,GRD,Grenada,Grenada,Cntry/Terr,NA,NA,10,23,0,NA,NA,NA,NA,NA,country_region,112519
GT,GTM,GTM,Guatemala,Guatemala,Cntry/Terr,Guatemala,GTM,10,23,3580,5709.0415106575,01,01,2020_10_22,NA,country_region,17915567
GN,GIN,GIN,Guinea,Guinea,Cntry/Terr,Guinea,GIN,10,23,71,184.877131964664,01,01,2020_10_22,NA,country_region,13132792
GW,GNB,GNB,Guinea-Bissau,Guinea-Bissau,Cntry/Terr,Guinea-Bissau,GNB,10,23,41,74.0768735448765,01,01,2020_10_22,NA,country_region,1967998
GY,GUY,GUY,Guyana,Guyana,Cntry/Terr,Guyana,GUY,10,23,117,208.458408679692,01,01,2020_10_22,NA,country_region,786559
HT,HTI,HTI,Haiti,Haiti,Cntry/Terr,Haiti,HTI,10,23,231,236.307840464042,01,01,2020_10_22,NA,country_region,11402533
VA,VAT,VAT,Holy See,Holy See,Cntry/Terr,NA,NA,10,23,0,NA,NA,NA,NA,NA,country_region,809
HN,HND,HND,Honduras,Honduras,Cntry/Terr,Honduras,HND,10,23,2604,3259.97135245995,01,01,2020_10_22,NA,country_region,9904608
HU,HUN,HUN,Hungary,Hungary,Cntry/Terr,Hungary,HUN,10,23,1305,8142.3742871692,01,01,2020_10_22,NA,country_region,9660350
IS,ISL,ISL,Iceland,Iceland,Cntry/Terr,Iceland,ISL,10,23,11,40.9436049621485,01,01,2020_10_22,NA,country_region,341250
IN,IND,IND,India,India,Cntry/Terr,India,IND,10,23,117306,184382.553971203,01,01,2020_10_22,NA,country_region,1380004385
ID,IDN,IDN,Indonesia,Indonesia,Cntry/Terr,Indonesia,IDN,10,23,12959,18491.1793853119,01,01,2020_10_22,NA,country_region,273523621
IR,IRN,IRN,Iran (Islamic Republic of),Iran,Cntry/Terr,Iran (Islamic Republic of),IRN,10,23,31650,70178.2184879632,01,01,2020_10_22,NA,country_region,83992953
IQ,IRQ,IRQ,Iraq,Iraq,Cntry/Terr,Iraq,IRQ,10,23,10465,16220.3942694326,01,01,2020_10_22,NA,country_region,40222503
IE,IRL,IRL,Ireland,Ireland,Cntry/Terr,Ireland,IRL,10,23,1871,3478.64086064393,01,01,2020_10_22,NA,country_region,4937796
IL,ISR,ISR,Israel,Israel,Cntry/Terr,Israel,ISR,10,23,2319,6280.3828354008,01,01,2020_10_22,NA,country_region,8655541
IT,ITA,ITA,Italy,Italy,Cntry/Terr,Italy,ITA,10,23,36968,63604.339606119,01,01,2020_10_22,NA,country_region,60461828
JM,JAM,JAM,Jamaica,Jamaica,Cntry/Terr,Jamaica,JAM,10,23,179,709.94209629328,01,01,2020_10_22,NA,country_region,2961161
JP,JPN,JPN,Japan,Japan,Cntry/Terr,Japan,JPN,10,23,1697,3256.21814139267,01,01,2020_10_22,NA,country_region,126476458
JO,JOR,JOR,Jordan,Jordan,Cntry/Terr,Jordan,JOR,10,23,481,6895.78233258637,01,01,2020_10_22,NA,country_region,10203140
KZ,KAZ,KAZ,Kazakhstan,Kazakhstan,Cntry/Terr,Kazakhstan,KAZ,10,23,1796,4134.66962541876,01,01,2020_10_22,NA,country_region,18776707
KE,KEN,KEN,Kenya,Kenya,Cntry/Terr,Kenya,KEN,10,23,870,3660.82246072584,01,01,2020_10_22,NA,country_region,53771300
NA,NA,KOR,Republic of Korea,"Korea, South",Cntry/Terr,Republic of Korea,KOR,10,23,455,614.348040776001,01,01,2020_10_22,NA,country_region,NA
XK,XKS,NA,Kosovo,Kosovo,NA,NA,NA,10,23,657,NA,NA,NA,NA,NA,country_region,1810366
KW,KWT,KWT,Kuwait,Kuwait,Cntry/Terr,Kuwait,KWT,10,23,730,2319.3018441954,01,01,2020_10_22,NA,country_region,4270563
KG,KGZ,KGZ,Kyrgyzstan,Kyrgyzstan,Cntry/Terr,Kyrgyzstan,KGZ,10,23,1122,6068.3046875305,01,01,2020_10_22,NA,country_region,6524191
LA,LAO,LAO,Lao People's Democratic Republic,Laos,Cntry/Terr,NA,NA,10,23,0,NA,NA,NA,NA,NA,country_region,7275556
LV,LVA,LVA,Latvia,Latvia,Cntry/Terr,Latvia,LVA,10,23,49,139.462778907859,01,01,2020_10_22,NA,country_region,1886202
LB,LBN,LBN,Lebanon,Lebanon,Cntry/Terr,Lebanon,LBN,10,23,552,1928.80425231114,01,01,2020_10_22,NA,country_region,6825442
LS,LSO,LSO,Lesotho,Lesotho,Cntry/Terr,NA,NA,10,23,43,NA,NA,NA,NA,NA,country_region,2142252
LR,LBR,LBR,Liberia,Liberia,Cntry/Terr,Liberia,LBR,10,23,82,82.4135858751009,01,01,2020_10_22,NA,country_region,5057677
LY,LBY,LBY,Libya,Libya,Cntry/Terr,Libya,LBY,10,23,768,2520.26330981149,01,01,2020_10_22,NA,country_region,6871287
LI,LIE,LIE,Liechtenstein,Liechtenstein,Cntry/Terr,NA,NA,10,23,1,NA,NA,NA,NA,NA,country_region,38137
LT,LTU,LTU,Lithuania,Lithuania,Cntry/Terr,Lithuania,LTU,10,23,125,456.435731407973,01,01,2020_10_22,NA,country_region,2722291
LU,LUX,LUX,Luxembourg,Luxembourg,Cntry/Terr,Luxembourg,LUX,10,23,140,225.020488829241,01,01,2020_10_22,NA,country_region,625976
MG,MDG,MDG,Madagascar,Madagascar,Cntry/Terr,Madagascar,MDG,10,23,238,254.338804810197,01,01,2020_10_22,NA,country_region,27691019
MW,MWI,MWI,Malawi,Malawi,Cntry/Terr,Malawi,MWI,10,23,183,187.796835277225,01,01,2020_10_22,NA,country_region,19129955
MY,MYS,MYS,Malaysia,Malaysia,Cntry/Terr,Malaysia,MYS,10,23,204,1678.0752298273,01,01,2020_10_22,NA,country_region,32365998
MV,MDV,MDV,Maldives,Maldives,Cntry/Terr,Maldives,MDV,10,23,37,71.9226667959493,01,01,2020_10_22,NA,country_region,540542
ML,MLI,MLI,Mali,Mali,Cntry/Terr,Mali,MLI,10,23,132,158.622931358517,01,01,2020_10_22,NA,country_region,20250834
MT,MLT,MLT,Malta,Malta,Cntry/Terr,Malta,MLT,10,23,49,270.690504744863,01,01,2020_10_22,NA,country_region,441539
MR,MRT,MRT,Mauritania,Mauritania,Cntry/Terr,Mauritania,MRT,10,23,163,171.390048272623,01,01,2020_10_22,NA,country_region,4649660
MU,MUS,MUS,Mauritius,Mauritius,Cntry/Terr,Mauritius,MUS,10,23,10,11.3061677167778,01,01,2020_10_22,NA,country_region,1271767
MX,MEX,MEX,Mexico (Country),Mexico,Cntry/Terr,Mexico,MEX,10,23,87415,114713.735076754,01,01,2020_10_22,NA,country_region,127792286
MD,MDA,MDA,Republic of Moldova,Moldova,Cntry/Terr,Republic of Moldova,MDA,10,23,1641,3466.09175202419,01,01,2020_10_22,NA,country_region,4033963
MC,MCO,MCO,Monaco,Monaco,Cntry/Terr,NA,NA,10,23,2,NA,NA,NA,NA,NA,country_region,39244
MN,MNG,MNG,Mongolia,Mongolia,Cntry/Terr,NA,NA,10,23,0,NA,NA,NA,NA,NA,country_region,3278292
ME,MNE,MNE,Montenegro,Montenegro,Cntry/Terr,Montenegro,MNE,10,23,253,551.865814895595,01,01,2020_10_22,NA,country_region,628062
MA,MAR,MAR,Morocco,Morocco,Cntry/Terr,Morocco,MAR,10,23,3132,11924.1435079715,01,01,2020_10_22,NA,country_region,36910558
MZ,MOZ,MOZ,Mozambique,Mozambique,Cntry/Terr,Mozambique,MOZ,10,23,81,105.064914275012,01,01,2020_10_22,NA,country_region,31255435
NA,NA,NA,MS Zaandam,MS Zaandam,NA,NA,NA,10,23,2,NA,NA,NA,NA,NA,country_region,NA
NA,NAM,NAM,Namibia,Namibia,Cntry/Terr,Namibia,NAM,10,23,133,168.244353072222,01,01,2020_10_22,NA,country_region,2540916
NP,NPL,NPL,Nepal,Nepal,Cntry/Terr,Nepal,NPL,10,23,812,7574.05612475056,01,01,2020_10_22,NA,country_region,29136808
NL,NLD,NLD,Netherlands,Netherlands,Cntry/Terr,Netherlands,NLD,10,23,6981,14745.2554898933,01,01,2020_10_22,NA,country_region,17134873
NZ,NZL,NZL,New Zealand,New Zealand,Cntry/Terr,New Zealand,NZL,10,23,25,25.9108694368626,01,01,2020_10_22,NA,country_region,4822233
NI,NIC,NIC,Nicaragua,Nicaragua,Cntry/Terr,Nicaragua,NIC,10,23,155,284.981083870111,01,01,2020_10_22,NA,country_region,6624554
NE,NER,NER,Niger,Niger,Cntry/Terr,Niger,NER,10,23,69,71.4445006270006,01,01,2020_10_22,NA,country_region,24206636
NG,NGA,NGA,Nigeria,Nigeria,Cntry/Terr,Nigeria,NGA,10,23,1127,1168.41566563615,01,01,2020_10_22,NA,country_region,206139587
MK,MKD,MKD,North Macedonia,North Macedonia,Cntry/Terr,North Macedonia,MKD,10,23,874,1878.36787733543,01,01,2020_10_22,NA,country_region,2083380
NO,NOR,NOR,Norway,Norway,Cntry/Terr,Norway,NOR,10,23,279,2539.10906805843,01,01,2020_10_22,NA,country_region,5421242
OM,OMN,OMN,Oman,Oman,Cntry/Terr,Oman,OMN,10,23,1147,1933.82584497704,01,01,2020_10_22,NA,country_region,5106622
PK,PAK,PAK,Pakistan,Pakistan,Cntry/Terr,Pakistan,PAK,10,23,6715,9942.65608881078,01,01,2020_10_22,NA,country_region,220892331
PA,PAN,PAN,Panama,Panama,Cntry/Terr,Panama,PAN,10,23,2612,3384.39577365847,01,01,2020_10_22,NA,country_region,4314768
PG,PNG,PNG,Papua New Guinea,Papua New Guinea,Cntry/Terr,NA,NA,10,23,7,NA,NA,NA,NA,NA,country_region,8947027
PY,PRY,PRY,Paraguay,Paraguay,Cntry/Terr,Paraguay,PRY,10,23,1262,2052.85072052715,01,01,2020_10_22,NA,country_region,7132530
PE,PER,PER,Peru,Peru,Cntry/Terr,Peru,PER,10,23,33984,43595.248115801,01,01,2020_10_22,NA,country_region,32971846
PH,PHL,PHL,Philippines,Philippines,Cntry/Terr,Philippines,PHL,10,23,6783,21063.984675746,01,01,2020_10_22,NA,country_region,109581085
PL,POL,POL,Poland,Poland,Cntry/Terr,Poland,POL,10,23,4019,30108.8946344021,01,01,2020_10_22,NA,country_region,37846605
PT,PRT,PRT,Portugal,Portugal,Cntry/Terr,Portugal,PRT,10,23,2245,7652.035421242,01,01,2020_10_22,NA,country_region,10196707
QA,QAT,QAT,Qatar,Qatar,Cntry/Terr,Qatar,QAT,10,23,228,310.302108608717,01,01,2020_10_22,NA,country_region,2881060
RO,ROU,ROU,Romania,Romania,Cntry/Terr,Romania,ROU,10,23,6163,16472.3576292295,01,01,2020_10_22,NA,country_region,19237682
RU,RUS,RUS,Russian Federation,Russia,Cntry/Terr,Russian Federation,RUS,10,23,25072,80511.688816486,01,01,2020_10_22,NA,country_region,145934460
RW,RWA,RWA,Rwanda,Rwanda,Cntry/Terr,Rwanda,RWA,10,23,34,86.0789171636719,01,01,2020_10_22,NA,country_region,12952209
KN,KNA,KNA,Saint Kitts and Nevis,Saint Kitts and Nevis,Cntry/Terr,NA,NA,10,23,0,NA,NA,NA,NA,NA,country_region,53192
LC,LCA,LCA,Saint Lucia,Saint Lucia,Cntry/Terr,NA,NA,10,23,0,NA,NA,NA,NA,NA,country_region,183629
VC,VCT,VCT,Saint Vincent and the Grenadines,Saint Vincent and the Grenadines,Cntry/Terr,NA,NA,10,23,0,NA,NA,NA,NA,NA,country_region,110947
SM,SMR,SMR,San Marino,San Marino,Cntry/Terr,San Marino,SMR,10,23,42,43.1794180609725,01,01,2020_10_22,NA,country_region,33938
ST,STP,STP,Sao Tome and Principe,Sao Tome and Principe,Cntry/Terr,Sao Tome and Principe,STP,10,23,15,16.0072597175356,01,01,2020_10_22,NA,country_region,219161
SA,SAU,SAU,Saudi Arabia,Saudi Arabia,Cntry/Terr,Saudi Arabia,SAU,10,23,5250,7758.39683598567,01,01,2020_10_22,NA,country_region,34813867
SN,SEN,SEN,Senegal,Senegal,Cntry/Terr,Senegal,SEN,10,23,321,357.586508031863,01,01,2020_10_22,NA,country_region,16743930
RS,SRB,SRB,Serbia,Serbia,Cntry/Terr,Serbia,SRB,10,23,783,1326.90427482005,01,01,2020_10_22,NA,country_region,8737370
SC,SYC,SYC,Seychelles,Seychelles,Cntry/Terr,NA,NA,10,23,0,NA,NA,NA,NA,NA,country_region,98340
SL,SLE,SLE,Sierra Leone,Sierra Leone,Cntry/Terr,Sierra Leone,SLE,10,23,73,114.178229392743,01,01,2020_10_22,NA,country_region,7976985
SG,SGP,SGP,Singapore,Singapore,Cntry/Terr,Singapore,SGP,10,23,28,33.3922668903658,01,01,2020_10_22,NA,country_region,5850343
SK,SVK,SVK,Slovakia,Slovakia,Cntry/Terr,Slovakia,SVK,10,23,115,1215.46976684357,01,01,2020_10_22,NA,country_region,5459643
SI,SVN,SVN,Slovenia,Slovenia,Cntry/Terr,Slovenia,SVN,10,23,211,851.797839171238,01,01,2020_10_22,NA,country_region,2078932
SB,SLB,NA,Solomon Islands,Solomon Islands,NA,NA,NA,10,23,0,NA,NA,NA,NA,NA,country_region,652858
SO,SOM,SOM,Somalia,Somalia,Cntry/Terr,Somalia,SOM,10,23,102,105.330422327459,01,01,2020_10_22,NA,country_region,15893219
ZA,ZAF,ZAF,South Africa,South Africa,Cntry/Terr,South Africa,ZAF,10,23,18843,23125.3721442246,01,01,2020_10_22,NA,country_region,59308690
SS,SSD,SSD,South Sudan,South Sudan,Cntry/Terr,South Sudan,SSD,10,23,55,199.415267590455,01,01,2020_10_22,NA,country_region,11193729
ES,ESP,ESP,Spain,Spain,Cntry/Terr,Spain,ESP,10,23,34521,46319.2289451931,01,01,2020_10_22,NA,country_region,46754783
LK,LKA,LKA,Sri Lanka,Sri Lanka,Cntry/Terr,Sri Lanka,LKA,10,23,14,25.7531447115009,01,01,2020_10_22,NA,country_region,21413250
SD,SDN,SDN,Sudan,Sudan,Cntry/Terr,Sudan,SDN,10,23,836,845.643694056765,01,01,2020_10_22,NA,country_region,43849269
SR,SUR,SUR,Suriname,Suriname,Cntry/Terr,Suriname,SUR,10,23,109,150.369695619611,01,01,2020_10_22,NA,country_region,586634
SE,SWE,SWE,Sweden,Sweden,Cntry/Terr,Sweden,SWE,10,23,5930,6926.27369548461,01,01,2020_10_22,NA,country_region,10099270
CH,CHE,CHE,Switzerland,Switzerland,Cntry/Terr,Switzerland,CHE,10,23,2046,7809.8703723727,01,01,2020_10_22,NA,country_region,8654618
SY,SYR,SYR,Syrian Arab Republic,Syria,Cntry/Terr,Syrian Arab Republic,SYR,10,23,260,1515.34814614619,01,01,2020_10_22,NA,country_region,17500657
TW,TWN,TWN,"China, Taiwan Province of China",Taiwan*,Cntry/Terr,NA,NA,10,23,7,NA,NA,NA,NA,NA,country_region,23816775
TJ,TJK,TJK,Tajikistan,Tajikistan,Cntry/Terr,Tajikistan,TJK,10,23,81,132.618299895405,01,01,2020_10_22,NA,country_region,9537642
TZ,TZA,TZA,United Republic of Tanzania,Tanzania,Cntry/Terr,NA,NA,10,23,21,NA,NA,NA,NA,NA,country_region,59734213
TH,THA,THA,Thailand,Thailand,Cntry/Terr,Thailand,THA,10,23,59,68.2048466619554,01,01,2020_10_22,NA,country_region,69799978
TL,TLS,TLS,Timor-Leste,Timor-Leste,Cntry/Terr,NA,NA,10,23,0,NA,NA,NA,NA,NA,country_region,1318442
TG,TGO,TGO,Togo,Togo,Cntry/Terr,Togo,TGO,10,23,52,105.558581459653,01,01,2020_10_22,NA,country_region,8278737
TT,TTO,TTO,Trinidad and Tobago,Trinidad and Tobago,Cntry/Terr,Trinidad and Tobago,TTO,10,23,103,164.811124298321,01,01,2020_10_22,NA,country_region,1399491
TN,TUN,TUN,Tunisia,Tunisia,Cntry/Terr,Tunisia,TUN,10,23,740,6188.47440102087,01,01,2020_10_22,NA,country_region,11818618
TR,TUR,TUR,Turkey,Turkey,Cntry/Terr,Turkey,TUR,10,23,9584,17108.6738797543,01,01,2020_10_22,NA,country_region,84339067
UG,UGA,UGA,Uganda,Uganda,Cntry/Terr,Uganda,UGA,10,23,98,729.22449076967,01,01,2020_10_22,NA,country_region,45741000
UA,UKR,UKR,Ukraine,Ukraine,Cntry/Terr,Ukraine,UKR,10,23,6213,28112.0073054577,01,01,2020_10_22,NA,country_region,43733759
AE,ARE,ARE,United Arab Emirates,United Arab Emirates,Cntry/Terr,United Arab Emirates,ARE,10,23,474,998.975695479968,01,01,2020_10_22,NA,country_region,9890400
GB,GBR,GBR,United Kingdom,United Kingdom,Cntry/Terr,United Kingdom,GBR,10,23,44437,113594.131585581,01,01,2020_10_22,NA,country_region,67886004
UY,URY,URY,Uruguay,Uruguay,Cntry/Terr,Uruguay,URY,10,23,53,69.3839436034296,01,01,2020_10_22,NA,country_region,3473727
US,USA,USA,United States of America,US,Cntry/Terr,United States of America,USA,10,23,223032,318735.326108331,01,01,2020_10_22,NA,country_region,329466283
UZ,UZB,UZB,Uzbekistan,Uzbekistan,Cntry/Terr,Uzbekistan,UZB,10,23,540,896.873736689765,01,01,2020_10_22,NA,country_region,33469199
VE,VEN,VEN,Venezuela (Bolivarian Republic of),Venezuela,Cntry/Terr,Venezuela (Bolivarian Republic of),VEN,10,23,759,1228.75967540977,01,01,2020_10_22,NA,country_region,28435943
VN,VNM,VNM,Viet Nam,Vietnam,Cntry/Terr,NA,NA,10,23,35,NA,NA,NA,NA,NA,country_region,97338583
PS,PSE,PSE,State of Palestine,West Bank and Gaza,Cntry/Terr,Palestine,PSE,10,23,435,1522.78079744363,01,01,2020_10_22,NA,country_region,5101416
EH,ESH,ESH,Western Sahara,Western Sahara,Cntry/Terr,NA,NA,10,23,1,NA,NA,NA,NA,NA,country_region,597330
YE,YEM,YEM,Yemen,Yemen,Cntry/Terr,Yemen,YEM,10,23,597,614.446379994565,01,01,2020_10_22,NA,country_region,29825968
ZM,ZMB,ZMB,Zambia,Zambia,Cntry/Terr,Zambia,ZMB,10,23,346,444.785949635632,01,01,2020_10_22,NA,country_region,18383956
ZW,ZWE,ZWE,Zimbabwe,Zimbabwe,Cntry/Terr,Zimbabwe,ZWE,10,23,236,252.747666318452,01,01,2020_10_22,NA,country_region,14862927
NA,NA,NA,NA,NA,NA,Global,NA,NA,NA,NA,1917022.04140084,01,01,2020_10_22,NA,NA,NA
NA,NA,NA,NA,NA,NA,Taiwan (Province of China),NA,NA,NA,NA,8.87150175037418,01,01,2020_10_22,NA,NA,NA
NA,NA,NA,NA,NA,NA,Latin America and Caribbean,NA,NA,NA,NA,487161.845734637,01,01,2020_10_22,NA,NA,NA
NA,NA,NA,NA,NA,NA,North Africa and Middle East,NA,NA,NA,NA,150855.609120944,01,01,2020_10_22,NA,NA,NA
NA,NA,NA,NA,NA,NA,South Asia,NA,NA,NA,NA,211688.813288815,01,01,2020_10_22,NA,NA,NA
NA,NA,NA,NA,NA,NA,Sub-Saharan Africa,NA,NA,NA,NA,39894.9448915631,01,01,2020_10_22,NA,NA,NA
NA,NA,NA,NA,NA,NA,Hong Kong Special Administrative Region of China,NA,NA,NA,NA,117.512850591316,01,01,2020_10_22,NA,NA,NA
NA,NA,NA,NA,NA,NA,Northern Ireland,NA,NA,NA,NA,2089.69676100406,01,01,2020_10_22,NA,NA,NA
NA,NA,NA,NA,NA,NA,Scotland,NA,NA,NA,NA,8578.735907855,01,01,2020_10_22,NA,NA,NA
NA,NA,NA,NA,NA,NA,Wales,NA,NA,NA,NA,4649.32798202251,01,01,2020_10_22,NA,NA,NA
NA,NA,NA,NA,NA,NA,England,NA,NA,NA,NA,98276.3709346991,01,01,2020_10_22,NA,NA,NA
NA,NA,NA,NA,NA,NA,Andhra Pradesh,NA,NA,NA,NA,8526.45069225845,01,01,2020_10_22,NA,NA,NA
NA,NA,NA,NA,NA,NA,Arunachal Pradesh,NA,NA,NA,NA,308.093714363214,01,01,2020_10_22,NA,NA,NA
NA,NA,NA,NA,NA,NA,Assam,NA,NA,NA,NA,1290.86502387059,01,01,2020_10_22,NA,NA,NA
NA,NA,NA,NA,NA,NA,Bihar,NA,NA,NA,NA,2595.82422980199,01,01,2020_10_22,NA,NA,NA
NA,NA,NA,NA,NA,NA,Chhattisgarh,NA,NA,NA,NA,4817.88212319236,01,01,2020_10_22,NA,NA,NA
NA,NA,NA,NA,NA,NA,Delhi,NA,NA,NA,NA,9786.86940867486,01,01,2020_10_22,NA,NA,NA
NA,NA,NA,NA,NA,NA,Goa,NA,NA,NA,NA,838.896791755516,01,01,2020_10_22,NA,NA,NA
NA,NA,NA,NA,NA,NA,Gujarat,NA,NA,NA,NA,4828.8354955199,01,01,2020_10_22,NA,NA,NA
NA,NA,NA,NA,NA,NA,Haryana,NA,NA,NA,NA,2160.24289710084,01,01,2020_10_22,NA,NA,NA
NA,NA,NA,NA,NA,NA,Himachal Pradesh,NA,NA,NA,NA,513.944730040513,01,01,2020_10_22,NA,NA,NA
NA,NA,NA,NA,NA,NA,Jammu & Kashmir and Ladakh,NA,NA,NA,NA,1875.91121886442,01,01,2020_10_22,NA,NA,NA
NA,NA,NA,NA,NA,NA,Jharkhand,NA,NA,NA,NA,1233.5565936532,01,01,2020_10_22,NA,NA,NA
NA,NA,NA,NA,NA,NA,Karnataka,NA,NA,NA,NA,18565.9047566607,01,01,2020_10_22,NA,NA,NA
NA,NA,NA,NA,NA,NA,Kerala,NA,NA,NA,NA,4679.5694531208,01,01,2020_10_22,NA,NA,NA
NA,NA,NA,NA,NA,NA,Madhya Pradesh,NA,NA,NA,NA,4669.25321893314,01,01,2020_10_22,NA,NA,NA
NA,NA,NA,NA,NA,NA,Maharashtra,NA,NA,NA,NA,56135.4975403427,01,01,2020_10_22,NA,NA,NA
NA,NA,NA,NA,NA,NA,Manipur,NA,NA,NA,NA,1615.69055373083,01,01,2020_10_22,NA,NA,NA
NA,NA,NA,NA,NA,NA,Meghalaya,NA,NA,NA,NA,515.534909816752,01,01,2020_10_22,NA,NA,NA
NA,NA,NA,NA,NA,NA,Nagaland,NA,NA,NA,NA,332.211924568237,01,01,2020_10_22,NA,NA,NA
NA,NA,NA,NA,NA,NA,Odisha,NA,NA,NA,NA,3186.18545103184,01,01,2020_10_22,NA,NA,NA
NA,NA,NA,NA,NA,NA,Punjab,NA,NA,NA,NA,5279.7079312057,01,01,2020_10_22,NA,NA,NA
NA,NA,NA,NA,NA,NA,Rajasthan,NA,NA,NA,NA,3874.11963578214,01,01,2020_10_22,NA,NA,NA
NA,NA,NA,NA,NA,NA,Tamil Nadu,NA,NA,NA,NA,14956.7939214999,01,01,2020_10_22,NA,NA,NA
NA,NA,NA,NA,NA,NA,Telangana,NA,NA,NA,NA,2203.44908946741,01,01,2020_10_22,NA,NA,NA
NA,NA,NA,NA,NA,NA,Tripura,NA,NA,NA,NA,506.222189614325,01,01,2020_10_22,NA,NA,NA
NA,NA,NA,NA,NA,NA,Uttar Pradesh,NA,NA,NA,NA,9508.11622934934,01,01,2020_10_22,NA,NA,NA
NA,NA,NA,NA,NA,NA,Uttarakhand,NA,NA,NA,NA,3105.3291829363,01,01,2020_10_22,NA,NA,NA
NA,NA,NA,NA,NA,NA,West Bengal,NA,NA,NA,NA,16079.7871027309,01,01,2020_10_22,NA,NA,NA
NA,NA,NA,NA,NA,NA,Manitoba,NA,NA,NA,NA,1869.02453252711,01,01,2020_10_22,NA,NA,NA
NA,NA,NA,NA,NA,NA,Nova Scotia,NA,NA,NA,NA,69.9061623779162,01,01,2020_10_22,NA,NA,NA
NA,NA,NA,NA,NA,NA,Saskatchewan,NA,NA,NA,NA,58.3762275781714,01,01,2020_10_22,NA,NA,NA
NA,NA,NA,NA,NA,NA,North America,NA,NA,NA,NA,338868.564260635,01,01,2020_10_22,NA,NA,NA
NA,NA,NA,NA,NA,NA,Azad Jammu & Kashmir,NA,NA,NA,NA,415.101484575665,01,01,2020_10_22,NA,NA,NA
NA,NA,NA,NA,NA,NA,Balochistan,NA,NA,NA,NA,173.787637690687,01,01,2020_10_22,NA,NA,NA
NA,NA,NA,NA,NA,NA,Gilgit-Baltistan,NA,NA,NA,NA,128.23812690721,01,01,2020_10_22,NA,NA,NA
NA,NA,NA,NA,NA,NA,Islamabad Capital Territory,NA,NA,NA,NA,693.610011497402,01,01,2020_10_22,NA,NA,NA
NA,NA,NA,NA,NA,NA,Khyber Pakhtunkhwa,NA,NA,NA,NA,1399.43754137008,01,01,2020_10_22,NA,NA,NA
NA,NA,NA,NA,NA,NA,Punjab,NA,NA,NA,NA,4135.52075906464,01,01,2020_10_22,NA,NA,NA
NA,NA,NA,NA,NA,NA,Sindh,NA,NA,NA,NA,2996.9605277051,01,01,2020_10_22,NA,NA,NA
NA,NA,NA,NA,NA,NA,East Asia and Pacific,NA,NA,NA,NA,59654.5613791313,01,01,2020_10_22,NA,NA,NA
NA,NA,NA,NA,NA,NA,Europe and Central Asia,NA,NA,NA,NA,628897.702725114,01,01,2020_10_22,NA,NA,NA
